-- phpMyAdmin SQL Dump
-- version 4.9.0.1
-- https://www.phpmyadmin.net/
--

-- Gép: 127.0.0.1
-- Létrehozás ideje: 2023. Ápr 24. 14:37
-- Kiszolgáló verziója: 10.4.6-MariaDB
-- PHP verzió: 7.3.8
SET SQL_MODE = "NO_AUTO_VALUE_ON_ZERO";
SET AUTOCOMMIT = 0;
START TRANSACTION;
SET time_zone = "+00:00";


CREATE DATABASE IF NOT EXISTS `boroplug`
DEFAULT CHARACTER SET utf8
COLLATE  utf8_general_ci;

USE `boroplug`;


/*!40101 SET @OLD_CHARACTER_SET_CLIENT=@@CHARACTER_SET_CLIENT */;
/*!40101 SET @OLD_CHARACTER_SET_RESULTS=@@CHARACTER_SET_RESULTS */;
/*!40101 SET @OLD_COLLATION_CONNECTION=@@COLLATION_CONNECTION */;
/*!40101 SET NAMES utf8mb4 */;

-- autocomplete="off"
-- Adatbázis: `boroplug`
--

-- --------------------------------------------------------

--
-- Tábla szerkezet ehhez a táblához `allapotok`
--

CREATE TABLE `allapotok` (
  `id` int(11) NOT NULL,
  `megnevezes` varchar(30) NOT NULL
) ENGINE=InnoDB DEFAULT CHARSET=utf8;

--
-- A tábla adatainak kiíratása `allapotok`
--

INSERT INTO `allapotok` (`id`, `megnevezes`) VALUES
(1, 'Új'),
(2, 'Használt');

-- --------------------------------------------------------

--
-- Tábla szerkezet ehhez a táblához `cipo`
--

CREATE TABLE `cipo` (
  `id` int(11) NOT NULL,
  `marka_id` tinyint(4) NOT NULL,
  `megnevezes` varchar(40) NOT NULL,
  `ar` int(11) NOT NULL,
  `allapot_id` int(11) NOT NULL,
  `meret` tinyint(4) NOT NULL,
  `elerheto` tinyint(1) NOT NULL,
  `fnev` varchar(50) NOT NULL,
  `leiras` varchar(900) NOT NULL,
  `fnev2` varchar(50) NOT NULL,
  `fnev3` varchar(50) NOT NULL,
  `fnev4` varchar(50) DEFAULT NULL,
  `fnev5` varchar(50) DEFAULT NULL,
  `torolt` int(3) NOT NULL
) ENGINE=InnoDB DEFAULT CHARSET=utf8;

--
-- A tábla adatainak kiíratása `cipo`
--

INSERT INTO `cipo` (`id`, `marka_id`, `megnevezes`, `ar`, `allapot_id`, `meret`, `elerheto`, `fnev`, `leiras`, `fnev2`, `fnev3`, `fnev4`, `fnev5`, `torolt`) VALUES
(2, 1, 'Nike Dunk Low UsC', 129000, 1, 36, 3, 'nikedunklowusc.png', '26', 'nikedunklowusc2.png', 'nikedunklowusc3.png', 'nikedunklowusc4.png', 'nikedunklowusc5.png', 1),
(38, 2, 'Adidas Ultraboost Black', 35000, 1, 43, 12, 'adidasultraboostblack1.jpg', '0', 'adidasultraboostblack2.jpg', 'adidasultraboostblack3.jpg', '', '', 0),
(39, 2, 'Adidas Ultraboost Lego', 35000, 1, 42, 2, 'adidasultraboostlego1.jpg', '0', 'adidasultraboostlego2.jpg', 'adidasultraboostlego3.jpg', '', '', 0),
(40, 2, 'Adidas Ultraboost Pink', 35000, 1, 36, 1, 'adidasultraboostpink1.jpg', '0', 'adidasultraboostpink2.jpg', 'adidasultraboostpink3.jpg', '', '', 0),
(41, 2, 'Adidas Slide Adilette 22', 25000, 1, 41, 1, 'adidasyeezyslideadilette221.jpg', '0', 'adidasyeezyslideadilette222.jpg', 'adidasyeezyslideadilette223.jpg', '', '', 0),
(42, 2, 'Adidas Yeezy Slide Green Glow', 45000, 1, 40, 7, 'adidasyeezyslidegreenglow1.jpg', '0', 'adidasyeezyslidegreenglow2.jpg', 'adidasyeezyslidegreenglow3.jpg', 'adidasyeezyslidegreenglow4.jpg', 'adidasyeezyslidegreenglow5.jpg', 0),
(43, 2, 'Adidas Yeezy Slide  Flax', 45000, 1, 39, 1, 'adidasyeezyslideflax1.jpg', '0', 'adidasyeezyslideflax2.jpg', 'adidasyeezyslideflax3.jpg', 'adidasyeezyslideflax4.jpg', '', 0),
(44, 2, 'Adidas Yeezy Slide Onyx', 45000, 1, 45, 6, 'adidasyeezyslideonyx1.jpg', 'A Yeezy Slide papucs teljesen letisztult, gyakorlatilag egyetlen EVA anyagdarabból áll. Talpának hatalmas redői design elemek is egyben, a branding a sarok alatt található adidas háromcsíkos logó. Ennek a modellnek is szerepe volt abban, hogy teljes értékű viseletté vált a papucs az utcán!', 'adidasyeezyslideonyx2.jpg', 'adidasyeezyslideonyx3.jpg', 'adidasyeezyslideonyx4.jpg', '', 0),
(45, 1, 'Nike AirForce 1 NDRSK', 37000, 1, 44, 0, 'nikeairforce1ndrsk1.jpg', '0', 'nikeairforce1ndrsk2.jpg', 'nikeairforce1ndrsk3.jpg', '', '', 0),
(46, 1, 'Nike Jordan 1 High A Ma Maniére', 100000, 1, 43, 1, 'nikejordan1highamamaniére1.jpg', '0', 'nikejordan1highamamaniére2.jpg', 'nikejordan1highamamaniére3.jpg', 'nikejordan1highamamaniére4.jpg', 'nikejordan1highamamaniére5.jpg', 0),
(47, 1, 'Nike Jordan 1 High Bubblegum', 90000, 1, 45, 1, 'nikejordan1highbubblegum1.jpg', '0', 'nikejordan1highbubblegum2.jpg', 'nikejordan1highbubblegum3.jpg', 'nikejordan1highbubblegum4.jpg', 'nikejordan1highbubblegum5.jpg', 0),
(48, 1, 'Nike Jordan 1 High Cortex Rassberry', 50000, 1, 44, 1, 'nikejordan1highcortexrassberry1.jpg', '0', 'nikejordan1highcortexrassberry2.jpg', 'nikejordan1highcortexrassberry3.jpg', 'nikejordan1highcortexrassberry4.jpg', '', 0),
(49, 1, 'Nike Jordan 1 Low lemonade', 65000, 1, 42, 2, 'nikejordan1lowlemonade1.jpg', '0', 'nikejordan1lowlemonade2.jpg', 'nikejordan1lowlemonade3.jpg', 'nikejordan1lowlemonade4.jpg', '', 0),
(50, 1, 'Nike Dunk Low Archeo Pink', 40000, 1, 38, 2, 'nikedunklowarcheopink1.jpg', '0', 'nikedunklowarcheopink2.jpg', 'nikedunklowarcheopink3.jpg', 'nikedunklowarcheopink4.jpg', 'nikedunklowarcheopink5.jpg', 1),
(51, 1, 'Nike Dunk Low Back To School', 80000, 1, 40, 2, 'nikedunklowbacktoschool1.jpg', '0', 'nikedunklowbacktoschool2.jpg', 'nikedunklowbacktoschool3.jpg', ' nikedunklowbacktoschool4.jpg', '', 0),
(52, 4, 'Nike Dunk Low EMB Chicago', 65000, 1, 43, 11, 'nikedunklowembchicago1.jpg', '0', 'nikedunklowembchicago2.jpg', 'nikedunklowembchicago3.jpg', '', '', 0),
(53, 1, 'Nike Dunk Low Smoke Grey', 40000, 1, 43, 2, 'nikedunklowsmokegrey1.jpg', '0', 'nikedunklowsmokegrey2.jpg', 'nikedunklowsmokegrey3.jpg', '', '', 0),
(54, 1, 'Nike Air Jordan 1 Low Tie Die', 50000, 1, 40, 12, 'nikeairjordan1lowtiedie1.jpg', '0', 'nikeairjordan1lowtiedie2.jpg', 'nikeairjordan1lowtiedie3.jpg', '', '', 0),
(55, 1, 'Nike AirForce 1 Low Tirple Black', 50000, 1, 42, 9, 'nikeairforce1tirpleblack1.jpg', '0', 'nikeairforce1tirpleblack2.jpg', 'nikeairforce1tirpleblack3.jpg', '', '', 0),
(56, 1, 'Nike AirForce 1 Low Triple White', 50000, 1, 43, 125, 'nikeairforce1tirplewhite1.jpg', '0', 'nikeairforce1tirplewhite2.jpg', 'nikeairforce1tirplewhite3.jpg', 'nikeairforce1tirplewhite4.jpg', '', 0),
(57, 1, 'Nike Jordan  1 Low Bleached Coral', 55000, 1, 42, 8, 'nikejordan1lowbleachedcoral1.jpg', '0', 'nikejordan1lowbleachedcoral2.jpg', 'nikejordan1lowbleachedcoral3.jpg', 'nikejordan1lowbleachedcoral4.jpg', 'nikejordan1lowbleachedcoral5.jpg', 0),
(58, 1, 'Nike Dunk Low Caccao WOW', 45000, 1, 43, 1, 'nikedunklowcaccaowow1.jpg', '0', 'nikedunklowcaccaowow2.jpg', 'nikedunklowcaccaowow3.jpg', '', '', 0),
(59, 1, 'Nike Dunk Low Copy Paste', 50000, 1, 42, 1, 'nikedunklowcopypaste1.jpg', '0', 'nikedunklowcopypaste2.jpg', 'nikedunklowcopypaste3.jpg', 'nikedunklowcopypaste4.jpg', 'nikedunklowcopypaste5.jpg', 0),
(60, 1, 'Nike Dunk Low Court purple', 115000, 1, 44, 2, 'nikedunklowcourtpurple1.jpg', '0', 'nikedunklowcourtpurple2.jpg', 'nikedunklowcourtpurple3.jpg', 'nikedunklowcourtpurple4.jpg', 'nikedunklowcourtpurple5.jpg', 0),
(61, 1, 'Nike Dunk Low Panda', 55000, 1, 41, 2, 'nikedunklowpanda1.jpg', '0', 'nikedunklowpanda2.jpg', 'nikedunklowpanda3.jpg', 'nikedunklowpanda4.jpg', 'nikedunklowpanda5.jpg', 1),
(62, 1, 'Nike Dunk Low Peache Cream', 55000, 1, 40, 26, 'nikedunklowpeachcreame1.jpg', '0', 'nikedunklowpeachcreame2.jpg', 'nikedunklowpeachcreame3.jpg', '', '', 0),
(63, 1, 'Nike Dunk Low UcLa', 55000, 1, 48, 1, 'nikedunklowucla1.jpg', '0', ' nikedunklowucla2.jpg', 'nikedunklowucla3.jpg', 'nikedunklowucla4.jpg', 'nikedunklowucla5.jpg', 1),
(64, 1, 'Nike Dunk Low Whisper Rose', 67000, 1, 38, 2, 'nikedunklowwhisperrose1.jpg', '0', 'nikedunklowwhisperrose2.jpg', 'nikedunklowwhisperrose3.jpg', '', '', 0),
(65, 1, 'Nike Dunk High Panda', 60000, 1, 43, 2, 'nikedunkhighpanda1.jpg', '0', 'nikedunkhighpanda2.jpg', 'nikedunkhighpanda3.jpg', 'nikedunkhighpanda4.jpg', 'nikedunkhighpanda5.jpg', 1),
(66, 1, 'Nike Dunk Low Animal Print', 35000, 1, 40, 3, 'nikedunklowanimalprint1.jpg', '0', 'nikedunklowanimalprint2.jpg', 'nikedunklowanimalprint3.jpg', 'nikedunklowanimalprint4.jpg', 'nikedunklowanimalprint5.jpg', 0),
(67, 4, 'Nike Dunk Low Easter 2022', 65000, 1, 43, 1, 'nikedunkloweaster20221.jpg', '0', 'nikedunkloweaster20222.jpg', 'nikedunkloweaster20223.jpg', 'nikedunkloweaster20224.jpg', 'nikedunkloweaster20225.jpg', 0),
(68, 1, 'Nike Dunk Low Grey Fog', 65000, 1, 40, 1, 'nikedunklowgreyfog1.jpg', '0', 'nikedunklowgreyfog2.jpg', 'nikedunklowgreyfog3.jpg', '', '', 0),
(69, 1, 'Nike Dunk Low Harvest Moon', 60000, 1, 42, 1, 'nikedunklowharvestmoon1.jpg', '0', 'nikedunklowharvestmoon2.jpg', 'nikedunklowharvestmoon3.jpg', '', '', 0),
(70, 1, 'Nike Dunk Low Polaroid', 55000, 1, 41, 1, 'nikedunklowpolaroid1.jpg', '0', 'nikedunklowpolaroid2.jpg', 'nikedunklowpolaroid3.jpg', 'nikedunklowpolaroid4.jpg', 'nikedunklowpolaroid5.jpg', 0),
(71, 1, 'Nike Dunk Low Racer Blue', 100000, 1, 42, 1, 'nikedunklowracerblue1.jpg', '0', 'nikedunklowracerblue2.jpg', 'nikedunklowracerblue3.jpg', '', '', 0),
(72, 1, 'Nike Dunk Low UsC', 65000, 1, 46, 2, 'nikedunklowusc1.jpg', '0', 'nikedunklowusc2.jpg', 'ikedunklowusc3.jpg', 'ikedunklowusc4.jpg', 'nikedunklowusc5.jpg', 1),
(73, 1, 'Nike Dunk Low White Bronze', 45000, 1, 36, 2, 'nikedunklowwhitebronze1.jpg', '0', 'nikedunklowwhitebronze2.jpg', 'nikedunklowwhitebronze3.jpg', 'nikedunklowwhitebronze4.jpg', '', 0),
(74, 1, 'Nike Jordan 1 High Hertiage', 60000, 1, 42, 1, 'nikedjordan1highhertige1.jpg', '0', 'nikedjordan1highhertige2.jpg', 'nikedjordan1highhertige3.jpg', 'nikedjordan1highhertige4.jpg', 'nikedjordan1highhertige5.jpg', 0),
(75, 1, 'Nike Jordan 1 High Mocha', 240000, 2, 46, 1, 'nikejordan1highmocha1.jpg', '0', 'nikejordan1highmocha2.jpg', 'nikejordan1highmocha3.jpg', 'nikejordan1highmocha4.jpg', '', 0),
(76, 1, 'Nike Jordan 1 High Travis Scott', 280000, 2, 44, 1, 'nikejordan1hightravis1.jpg', '0', 'nikejordan1hightravis2.jpg', 'nikejordan1hightravis3.jpg', 'nikejordan1hightravis4.jpg', '', 0),
(77, 1, 'Nike Jordan 1 Coconut Milk', 80000, 1, 43, 2, 'nikejordan1midcoconutmilk1.jpg', '0', 'nikejordan1midcoconutmilk2.jpg', 'nikejordan1midcoconutmilk3.jpg', 'nikejordan1midcoconutmilk4.jpg', '', 0),
(78, 1, 'Nike Jordan 1 Mid Dark Teal Green', 95000, 1, 44, 6, 'nikejordan1middarktealgreen1.jpg', '0', 'nikejordan1middarktealgreen2.jpg', 'nikejordan1middarktealgreen3.jpg', '', '', 0),
(79, 1, 'Nike Jordan 1 Mid Fire Red', 60000, 1, 38, 2, 'nikejordan1midfirered1.jpg', '0', 'nikejordan1midfirered2.jpg', 'nikejordan1midfirered3.jpg', '', '', 0),
(80, 1, 'NIke Jordan 1 Mid Light Curry', 65000, 1, 45, 1, 'nikejordan1midlightcurry1.jpg', '0', 'nikejordan1midlightcurry2.jpg', 'nikejordan1midlightcurry3.jpg', '', '', 0),
(81, 1, 'Nike Jordan 1 Mid Sonics', 80000, 1, 42, 2, 'nikejordan1midsonics1.jpg', '0', 'nikejordan1midsonics2.jpg', 'nikejordan1midsonics3.jpg', '', '', 0),
(82, 1, 'Nike Jordan 2 Union Grey', 165000, 1, 44, 1, 'nikejordan2uniongrey1.jpg', '0', 'nikejordan2uniongrey2.jpg', 'nikejordan2uniongrey3.jpg', 'nikejordan2uniongrey4.jpg', '', 0),
(83, 1, 'Nike Supreme AirForce 1 Tripe White', 100000, 1, 40, 1, 'nikesupreme1white1.jpg', '0', 'ikesupreme1white2.jpg', 'nikesupreme1white3.jpg', 'nikesupreme1white4.jpg', '', 0),
(84, 1, 'Nike Air Jordan 1 Low Tie Die', 50000, 1, 42, 1, 'nikeairjordan1lowtiedie1.jpg', '0', 'nikeairjordan1lowtiedie2.jpg', 'nikeairjordan1lowtiedie3.jpg', '', '', 0),
(85, 1, 'Nike Air Jordan 1 Low Tie Die', 50000, 1, 43, 3, 'nikeairjordan1lowtiedie1.jpg', '0', 'nikeairjordan1lowtiedie2.jpg', 'nikeairjordan1lowtiedie3.jpg', '', '', 0),
(86, 1, 'Nike AirForce 1 Low Triple White', 50000, 1, 44, 1, 'nikeairforce1tirplewhite1.jpg', '0', 'nikeairforce1tirplewhite2.jpg', 'nikeairforce1tirplewhite3.jpg', 'nikeairforce1tirplewhite4.jpg', '', 0),
(87, 1, 'Nike AirForce 1 Low Triple White', 50000, 1, 45, 3, 'nikeairforce1tirplewhite1.jpg', '0', 'nikeairforce1tirplewhite2.jpg', 'nikeairforce1tirplewhite3.jpg', 'nikeairforce1tirplewhite4.jpg', '', 0),
(88, 1, 'Nike AirForce 1 Low Triple White', 50000, 1, 46, 3, 'nikeairforce1tirplewhite1.jpg', '0', 'nikeairforce1tirplewhite2.jpg', 'nikeairforce1tirplewhite3.jpg', 'nikeairforce1tirplewhite4.jpg', '', 0),
(91, 4, 'Nike Dunk Low EMB Chicago', 65000, 1, 41, 2, 'nikedunklowembchicago1.jpg', '0', 'nikedunklowembchicago2.jpg', 'nikedunklowembchicago3.jpg', '', '', 0),
(92, 4, 'Nike Dunk Low EMB Chicago', 65000, 1, 37, 2, 'nikedunklowembchicago1.jpg', '0', 'nikedunklowembchicago2.jpg', 'nikedunklowembchicago3.jpg', '', '', 0),
(93, 4, 'Nike Dunk Low EMB Chicago', 65000, 1, 45, 3, 'nikedunklowembchicago1.jpg', '0', 'nikedunklowembchicago2.jpg', 'nikedunklowembchicago3.jpg', '', '', 0),
(94, 2, 'Adidas Yeezy Slide Green Glow', 45000, 1, 42, 3, 'adidasyeezyslidegreenglow1.jpg', '0', 'adidasyeezyslidegreenglow2.jpg', 'adidasyeezyslidegreenglow3.jpg', 'adidasyeezyslidegreenglow4.jpg', 'adidasyeezyslidegreenglow5.jpg', 0),
(95, 2, 'Adidas Yeezy Slide Green Glow', 45000, 1, 39, 2, 'adidasyeezyslidegreenglow1.jpg', '0', 'adidasyeezyslidegreenglow2.jpg', 'adidasyeezyslidegreenglow3.jpg', 'adidasyeezyslidegreenglow4.jpg', 'adidasyeezyslidegreenglow5.jpg', 0),
(96, 2, 'Adidas Yeezy Slide Green Glow', 45000, 1, 47, 2, 'adidasyeezyslidegreenglow1.jpg', '0', 'adidasyeezyslidegreenglow2.jpg', 'adidasyeezyslidegreenglow3.jpg', 'adidasyeezyslidegreenglow4.jpg', 'adidasyeezyslidegreenglow5.jpg', 0),
(97, 2, 'Adidas Ultraboost Black', 35000, 1, 41, 2, 'adidasultraboostblack1.jpg', '0', 'adidasultraboostblack2.jpg', 'adidasultraboostblack3.jpg', '', '', 0),
(98, 2, 'Adidas Ultraboost Black', 35000, 1, 45, 2, 'adidasultraboostblack1.jpg', '0', 'adidasultraboostblack2.jpg', 'adidasultraboostblack3.jpg', '', '', 0),
(99, 2, 'Adidas Ultraboost Black', 35000, 1, 47, 2, 'adidasultraboostblack1.jpg', '0', 'adidasultraboostblack2.jpg', 'adidasultraboostblack3.jpg', '', '', 0),
(100, 2, 'Adidas Ultraboost Black', 35000, 1, 46, 1, 'adidasultraboostblack1.jpg', '0', 'adidasultraboostblack2.jpg', 'adidasultraboostblack3.jpg', '', '', 0),
(101, 2, 'Adidas Ultraboost Black', 35000, 1, 38, 1, 'adidasultraboostblack1.jpg', '0', 'adidasultraboostblack2.jpg', 'adidasultraboostblack3.jpg', '', '', 0),
(102, 2, 'Adidas Ultraboost Black', 35000, 1, 39, 2, 'adidasultraboostblack1.jpg', '0', 'adidasultraboostblack2.jpg', 'adidasultraboostblack3.jpg', '', '', 0),
(103, 2, 'Adidas Ultraboost Black', 35000, 1, 36, 2, 'adidasultraboostblack1.jpg', '0', 'adidasultraboostblack2.jpg', 'adidasultraboostblack3.jpg', '', '', 0);

-- --------------------------------------------------------

--
-- Tábla szerkezet ehhez a táblához `fizetesimodok`
--

CREATE TABLE `fizetesimodok` (
  `id` tinyint(4) NOT NULL,
  `megnevezes` varchar(40) NOT NULL
) ENGINE=InnoDB DEFAULT CHARSET=utf8;

--
-- A tábla adatainak kiíratása `fizetesimodok`
--

INSERT INTO `fizetesimodok` (`id`, `megnevezes`) VALUES
(1, 'Utánvétel'),
(2, 'Előreutalás'),
(3, 'Online fizetés');

-- --------------------------------------------------------

--
-- Tábla szerkezet ehhez a táblához `markak`
--

CREATE TABLE `markak` (
  `id` tinyint(4) NOT NULL,
  `markanev` varchar(30) NOT NULL
) ENGINE=InnoDB DEFAULT CHARSET=utf8;

--
-- A tábla adatainak kiíratása `markak`
--

INSERT INTO `markak` (`id`, `markanev`) VALUES
(1, 'Nike'),
(2, 'Adidas'),
(3, 'Balenciaga'),
(4, 'Jordan');

-- --------------------------------------------------------

--
-- Tábla szerkezet ehhez a táblához `megyek`
--

CREATE TABLE `megyek` (
  `id` int(11) NOT NULL,
  `megye` varchar(50) NOT NULL
) ENGINE=InnoDB DEFAULT CHARSET=utf8;

--
-- A tábla adatainak kiíratása `megyek`
--

INSERT INTO `megyek` (`id`, `megye`) VALUES
(1, 'Bács-Kiskun'),
(2, 'Baranya'),
(3, 'Békés'),
(4, 'Borsod-Abaúj-Zemplén'),
(5, 'Csongrád'),
(6, 'Fejér'),
(7, 'Győr-Moson-Sopron'),
(8, 'Hajdú-Bihar'),
(9, 'Heves'),
(10, 'Jász-Nagykun-Szolnok'),
(11, 'Komárom-Esztergom'),
(12, 'Nógrád'),
(13, 'Pest'),
(14, 'Somogy'),
(15, 'Szabolcs-Szatmár-Bereg'),
(16, 'Tolna'),
(17, 'Vas'),
(18, 'Veszprém'),
(19, 'Zala');

-- --------------------------------------------------------

--
-- Tábla szerkezet ehhez a táblához `varosok`
--

CREATE TABLE `varosok` (
  `id` smallint(6) NOT NULL,
  `varosneve` varchar(40) NOT NULL,
  `iranyitoszam` smallint(6) NOT NULL,
  `megye_id` int(11) NOT NULL
) ENGINE=InnoDB DEFAULT CHARSET=utf8;

--
-- A tábla adatainak kiíratása `varosok`
--

INSERT INTO `varosok` (`id`, `varosneve`, `iranyitoszam`, `megye_id`) VALUES
(1, 'Aba', 8128, 6),
(2, 'Aba', 8127, 6),
(3, 'Abádszalók', 5241, 10),
(4, 'Abaliget', 7678, 2),
(5, 'Abasár', 3261, 9),
(6, 'Abaújalpár', 3882, 4),
(7, 'Abaújkér', 3882, 4),
(8, 'Abaújlak', 3815, 4),
(9, 'Abaújszántó', 3881, 4),
(10, 'Abaújszolnok', 3809, 4),
(11, 'Abaújvár', 3898, 4),
(12, 'Abda', 9151, 7),
(13, 'Abod', 3753, 4),
(14, 'Abony', 2740, 13),
(15, 'Ábrahámhegy', 8256, 18),
(16, 'Ács', 2941, 11),
(17, 'Acsa', 2683, 13),
(18, 'Acsád', 9746, 17),
(19, 'Acsalag', 9168, 7),
(20, 'Ácsteszér', 2887, 11),
(21, 'Adács', 3292, 9),
(22, 'Ádánd', 8653, 14),
(23, 'Adásztevel', 8561, 18),
(24, 'Adony', 2457, 6),
(25, 'Adorjánháza', 8497, 18),
(26, 'Adorjás', 7841, 2),
(27, 'Ág', 7381, 2),
(28, 'Ágasegyháza', 6076, 1),
(29, 'Ágfalva', 9423, 7),
(30, 'Aggtelek', 3759, 4),
(31, 'Agyagosszergény', 9441, 7),
(32, 'Ajak', 4524, 15),
(33, 'Ajka', 8447, 18),
(34, 'Ajka', 8448, 18),
(35, 'Ajka', 8451, 18),
(36, 'Ajka', 8400, 18),
(37, 'Aka', 2862, 11),
(38, 'Akasztó', 6221, 1),
(39, 'Alacska', 3779, 4),
(40, 'Alap', 7011, 6),
(41, 'Alattyán', 5142, 10),
(42, 'Albertirsa', 2730, 13),
(43, 'Alcsútdoboz', 8087, 6),
(44, 'Aldebrő', 3353, 9),
(45, 'Algyő', 6750, 5),
(46, 'Alibánfa', 8921, 19),
(47, 'Almamellék', 7934, 2),
(48, 'Almásfüzitő', 2931, 11),
(49, 'Almásháza', 8935, 19),
(50, 'Almáskamarás', 5747, 3),
(51, 'Almáskeresztúr', 7932, 2),
(52, 'Álmosd', 4285, 8),
(53, 'Alsóberecki', 3985, 4),
(54, 'Alsóbogát', 7443, 14),
(55, 'Alsódobsza', 3717, 4),
(56, 'Alsógagy', 3837, 4),
(57, 'Alsómocsolád', 7345, 2),
(58, 'Alsónána', 7147, 16),
(59, 'Alsónémedi', 2351, 13),
(60, 'Alsónemesapáti', 8924, 19),
(61, 'Alsónyék', 7148, 16),
(62, 'Alsóörs', 8226, 18),
(63, 'Alsópáhok', 8394, 19),
(64, 'Alsópetény', 2617, 12),
(65, 'Alsórajk', 8767, 19),
(66, 'Alsóregmec', 3989, 4),
(67, 'Alsószenterzsébet', 8973, 19),
(68, 'Alsószentiván', 7012, 6),
(69, 'Alsószentmárton', 7826, 2),
(70, 'Alsószölnök', 9983, 17),
(71, 'Alsószuha', 3726, 4),
(72, 'Alsótelekes', 3735, 4),
(73, 'Alsótold', 3069, 12),
(74, 'Alsóújlak', 9842, 17),
(75, 'Alsóvadász', 3811, 4),
(76, 'Alsózsolca', 3571, 4),
(77, 'Ambrózfalva', 6916, 5),
(78, 'Anarcs', 4546, 15),
(79, 'Andocs', 8675, 14),
(80, 'Andornaktálya', 3399, 9),
(81, 'Andrásfa', 9811, 17),
(82, 'Annavölgy', 2529, 11),
(83, 'Apácatorna', 8477, 18),
(84, 'Apagy', 4553, 15),
(85, 'Apaj', 2345, 13),
(86, 'Aparhant', 7186, 16),
(87, 'Apátfalva', 6931, 5),
(88, 'Apátistvánfalva', 9982, 17),
(89, 'Apátvarasd', 7720, 2),
(90, 'Apc', 3032, 9),
(91, 'Áporka', 2338, 13),
(92, 'Apostag', 6088, 1),
(93, 'Aranyosapáti', 4634, 15),
(94, 'Aranyosgadány', 7671, 2),
(95, 'Arka', 3885, 4),
(96, 'Arló', 3663, 4),
(97, 'Arnót', 3713, 4),
(98, 'Ároktő', 3467, 4),
(99, 'Árpádhalom', 6623, 5),
(100, 'Árpás', 9132, 7),
(101, 'Ártánd', 4115, 8),
(102, 'Ásotthalom', 6783, 5),
(103, 'Ásványráró', 9177, 7),
(104, 'Aszaló', 3841, 4),
(105, 'Aszód', 2170, 13),
(106, 'Aszófő', 8241, 18),
(107, 'Áta', 7763, 2),
(108, 'Átány', 3371, 9),
(109, 'Atkár', 3213, 9),
(110, 'Attala', 7252, 16),
(111, 'Babarc', 7757, 2),
(112, 'Babarcszőlős', 7814, 2),
(113, 'Babócsa', 7584, 14),
(114, 'Bábolna', 2943, 11),
(115, 'Bábonymegyer', 8658, 14),
(116, 'Babosdöbréte', 8983, 19),
(117, 'Babót', 9351, 7),
(118, 'Bácsalmás', 6430, 1),
(119, 'Bácsbokod', 6453, 1),
(120, 'Bácsborsód', 6454, 1),
(121, 'Bácsszentgyörgy', 6511, 1),
(122, 'Bácsszőlős', 6425, 1),
(123, 'Badacsonytomaj', 8261, 18),
(124, 'Badacsonytomaj', 8257, 18),
(125, 'Badacsonytomaj', 8258, 18),
(126, 'Badacsonytördemic', 8262, 18),
(127, 'Badacsonytördemic', 8263, 18),
(128, 'Bag', 2191, 13),
(129, 'Bagamér', 4286, 8),
(130, 'Baglad', 8977, 19),
(131, 'Bagod', 8992, 19),
(132, 'Bágyogszovát', 9145, 7),
(133, 'Baj', 2836, 11),
(134, 'Baja', 6503, 1),
(135, 'Baja', 6500, 1),
(136, 'Bajánsenye', 9944, 17),
(137, 'Bajna', 2525, 11),
(138, 'Bajót', 2533, 11),
(139, 'Bak', 8945, 19),
(140, 'Bakháza', 7585, 14),
(141, 'Bakóca', 7393, 2),
(142, 'Bakonszeg', 4164, 8),
(143, 'Bakonya', 7675, 2),
(144, 'Bakonybánk', 2885, 11),
(145, 'Bakonybél', 8427, 18),
(146, 'Bakonycsernye', 8056, 6),
(147, 'Bakonygyirót', 8433, 18),
(148, 'Bakonyjákó', 8581, 18),
(149, 'Bakonykoppány', 8571, 18),
(150, 'Bakonykúti', 8045, 6),
(151, 'Bakonynána', 8422, 18),
(152, 'Bakonyoszlop', 8418, 18),
(153, 'Bakonypéterd', 9088, 7),
(154, 'Bakonypölöske', 8457, 18),
(155, 'Bakonyság', 8557, 18),
(156, 'Bakonysárkány', 2861, 11),
(157, 'Bakonyszentiván', 8557, 18),
(158, 'Bakonyszentkirály', 8430, 18),
(159, 'Bakonyszentlászló', 8431, 18),
(160, 'Bakonyszombathely', 2884, 11),
(161, 'Bakonyszücs', 8572, 18),
(162, 'Bakonytamási', 8555, 18),
(163, 'Baks', 6768, 5),
(164, 'Baksa', 7834, 2),
(165, 'Baktakék', 3836, 4),
(166, 'Baktalórántháza', 4561, 15),
(167, 'Baktüttös', 8946, 19),
(168, 'Balajt', 3780, 4),
(169, 'Balassagyarmat', 2660, 12),
(170, 'Balástya', 6764, 5),
(171, 'Balaton', 3347, 9),
(172, 'Balatonakali', 8243, 18),
(173, 'Balatonalmádi', 8220, 18),
(174, 'Balatonberény', 8649, 14),
(175, 'Balatonboglár', 8691, 14),
(176, 'Balatonboglár', 8630, 14),
(177, 'Balatoncsicsó', 8272, 18),
(178, 'Balatonederics', 8312, 18),
(179, 'Balatonendréd', 8613, 14),
(180, 'Balatonfenyves', 8646, 14),
(181, 'Balatonfőkajár', 8164, 18),
(182, 'Balatonföldvár', 8623, 14),
(183, 'Balatonfüred', 8236, 18),
(184, 'Balatonfüred', 8230, 18),
(185, 'Balatonfűzfő', 8184, 18),
(186, 'Balatonfűzfő', 8175, 18),
(187, 'Balatongyörök', 8313, 19),
(188, 'Balatonhenye', 8275, 18),
(189, 'Balatonkenese', 8172, 18),
(190, 'Balatonkenese', 8174, 18),
(191, 'Balatonkeresztúr', 8648, 14),
(192, 'Balatonlelle', 8638, 14),
(193, 'Balatonmagyaród', 8753, 19),
(194, 'Balatonmáriafürdő', 8647, 14),
(195, 'Balatonőszöd', 8637, 14),
(196, 'Balatonrendes', 8255, 18),
(197, 'Balatonszabadi', 8651, 14),
(198, 'Balatonszárszó', 8624, 14),
(199, 'Balatonszemes', 8636, 14),
(200, 'Balatonszentgyörgy', 8710, 14),
(201, 'Balatonszepezd', 8252, 18),
(202, 'Balatonszőlős', 8233, 18),
(203, 'Balatonudvari', 8242, 18),
(204, 'Balatonújlak', 8712, 14),
(205, 'Balatonvilágos', 8171, 18),
(206, 'Balinka', 8054, 6),
(207, 'Balinka', 8055, 6),
(208, 'Balkány', 4233, 15),
(209, 'Ballószög', 6035, 1),
(210, 'Balmazújváros', 4060, 8),
(211, 'Balogunyom', 9771, 17),
(212, 'Balotaszállás', 6412, 1),
(213, 'Balsa', 4468, 15),
(214, 'Bálványos', 8614, 14),
(215, 'Bana', 2944, 11),
(216, 'Bánd', 8443, 18),
(217, 'Bánfa', 7914, 2),
(218, 'Bánhorváti', 3642, 4),
(219, 'Bánk', 2653, 12),
(220, 'Bánokszentgyörgy', 8891, 19),
(221, 'Bánréve', 3654, 4),
(222, 'Bár', 7711, 2),
(223, 'Barabás', 4937, 15),
(224, 'Baracs', 2427, 6),
(225, 'Baracs', 2426, 6),
(226, 'Baracska', 2471, 6),
(227, 'Báránd', 4161, 8),
(228, 'Baranyahidvég', 7841, 2),
(229, 'Baranyajenő', 7384, 2),
(230, 'Baranyaszentgyörgy', 7383, 2),
(231, 'Barbacs', 9169, 7),
(232, 'Barcs', 7557, 14),
(233, 'Barcs', 7570, 14),
(234, 'Bárdudvarnok', 7478, 14),
(235, 'Barlahida', 8948, 19),
(236, 'Bárna', 3126, 12),
(237, 'Barnag', 8291, 18),
(238, 'Bársonyos', 2883, 11),
(239, 'Basal', 7923, 2),
(240, 'Baskó', 3881, 4),
(241, 'Báta', 7149, 16),
(242, 'Bátaapáti', 7164, 16),
(243, 'Bátaszék', 7140, 16),
(244, 'Baté', 7258, 14),
(245, 'Bátmonostor', 6528, 1),
(246, 'Bátonyterenye', 3078, 12),
(247, 'Bátonyterenye', 3070, 12),
(248, 'Bátonyterenye', 3151, 12),
(249, 'Bátor', 3336, 9),
(250, 'Bátorliget', 4343, 15),
(251, 'Battonya', 5830, 3),
(252, 'Bátya', 6351, 1),
(253, 'Batyk', 8797, 19),
(254, 'Bázakerettye', 8887, 19),
(255, 'Bazsi', 8352, 18),
(256, 'Béb', 8565, 18),
(257, 'Becsehely', 8866, 19),
(258, 'Becske', 2693, 12),
(259, 'Becskeháza', 3768, 4),
(260, 'Becsvölgye', 8985, 19),
(261, 'Bedegkér', 8666, 14),
(262, 'Bedő', 4128, 8),
(263, 'Bejcgyertyános', 9683, 17),
(264, 'Békás', 8515, 18),
(265, 'Bekecs', 3903, 4),
(266, 'Békés', 5630, 3),
(267, 'Békéscsaba', 5623, 3),
(268, 'Békéscsaba', 5671, 3),
(269, 'Békéscsaba', 5600, 3),
(270, 'Békéssámson', 5946, 3),
(271, 'Békésszentandrás', 5561, 3),
(272, 'Bekölce', 3343, 9),
(273, 'Bélapátfalva', 3346, 9),
(274, 'Bélavár', 7589, 14),
(275, 'Belecska', 7061, 16),
(276, 'Beled', 9343, 7),
(277, 'Beleg', 7543, 14),
(278, 'Belezna', 8855, 19),
(279, 'Bélmegyer', 5643, 3),
(280, 'Beloiannisz', 2455, 6),
(281, 'Belsősárd', 8978, 19),
(282, 'Belvárdgyula', 7747, 2),
(283, 'Benk', 4643, 15),
(284, 'Bénye', 2216, 13),
(285, 'Bér', 3045, 12),
(286, 'Bérbaltavár', 9831, 17),
(287, 'Bercel', 2687, 12),
(288, 'Beregdaróc', 4934, 15),
(289, 'Beregsurány', 4933, 15),
(290, 'Berekböszörmény', 4116, 8),
(291, 'Berekfürdő', 5309, 10),
(292, 'Beremend', 7827, 2),
(293, 'Berente', 3704, 4),
(294, 'Beret', 3834, 4),
(295, 'Berettyóújfalu', 4103, 8),
(296, 'Berettyóújfalu', 4100, 8),
(297, 'Berhida', 8182, 18),
(298, 'Berhida', 8181, 18),
(299, 'Berkenye', 2641, 12),
(300, 'Berkesd', 7664, 2),
(301, 'Berkesz', 4521, 15),
(302, 'Bernecebaráti', 2639, 13),
(303, 'Berzék', 3575, 4),
(304, 'Berzence', 7516, 14),
(305, 'Besence', 7838, 2),
(306, 'Besenyőd', 4557, 15),
(307, 'Besenyőtelek', 3373, 9),
(308, 'Besenyszög', 5071, 10),
(309, 'Besnyő', 2456, 6),
(310, 'Beszterec', 4488, 15),
(311, 'Bezedek', 7782, 2),
(312, 'Bezenye', 9223, 7),
(313, 'Bezeréd', 8934, 19),
(314, 'Bezi', 9162, 7),
(315, 'Biatorbágy', 2051, 13),
(316, 'Bicsérd', 7671, 2),
(317, 'Bicske', 2060, 6),
(318, 'Bihardancsháza', 4175, 8),
(319, 'Biharkeresztes', 4110, 8),
(320, 'Biharnagybajom', 4172, 8),
(321, 'Bihartorda', 4174, 8),
(322, 'Biharugra', 5538, 3),
(323, 'Bikács', 7043, 16),
(324, 'Bikal', 7346, 2),
(325, 'Biri', 4235, 15),
(326, 'Birján', 7747, 2),
(327, 'Bisse', 7811, 2),
(328, 'Bő', 9625, 17),
(329, 'Boba', 9542, 19),
(330, 'Bocfölde', 8943, 9),
(331, 'Boconád', 3368, 1),
(332, 'Bőcs', 3574, 19),
(333, 'Bócsa', 6235, 8),
(334, 'Bocska', 8776, 2),
(335, 'Bocskaikert', 4241, 6),
(336, 'Boda', 7672, 6),
(337, 'Bodajk', 8053, 2),
(338, 'Böde', 8991, 7),
(339, 'Bödeháza', 8969, 9),
(340, 'Bodmér', 8085, 18),
(341, 'Bodolyabér', 7394, 14),
(342, 'Bodonhely', 9134, 4),
(343, 'Bodony', 3243, 4),
(344, 'Bodorfa', 8471, 4),
(345, 'Bodrog', 7439, 4),
(346, 'Bodroghalom', 3987, 4),
(347, 'Bodrogkeresztúr', 3916, 4),
(348, 'Bodrogkisfalud', 3917, 4),
(349, 'Bodrogolaszi', 3943, 4),
(350, 'Bódvalenke', 3768, 2),
(351, 'Bódvarákó', 3764, 2),
(352, 'Bódvaszilas', 3763, 2),
(353, 'Bogács', 3412, 16),
(354, 'Bogád', 7742, 7),
(355, 'Bogádmindszent', 7836, 8),
(356, 'Bogdása', 7966, 19),
(357, 'Bögöt', 9612, 11),
(358, 'Bögöte', 9675, 12),
(359, 'Bogyiszló', 7132, 9),
(360, 'Bogyoszló', 9324, 2),
(361, 'Böhönye', 8719, 4),
(362, 'Bojt', 4114, 4),
(363, 'Bókaháza', 8741, 4),
(364, 'Bokod', 2855, 14),
(365, 'Bököny', 4231, 14),
(366, 'Bokor', 3066, 2),
(367, 'Bölcske', 7025, 19),
(368, 'Boldog', 3016, 14),
(369, 'Boldogasszonyfa', 7937, 16),
(370, 'Boldogkőújfalu', 3884, 16),
(371, 'Boldogkőváralja', 3885, 16),
(372, 'Boldva', 3794, 5),
(373, 'Bolhás', 7517, 17),
(374, 'Bolhó', 7586, 2),
(375, 'Bóly', 7754, 1),
(376, 'Boncodfölde', 8992, 19),
(377, 'Bonnya', 7281, 4),
(378, 'Bőny', 9073, 4),
(379, 'Bonyhád', 7187, 4),
(380, 'Bonyhád', 7150, 4),
(381, 'Bonyhádvarasd', 7158, 4),
(382, 'Börcs', 9152, 4),
(383, 'Bordány', 6795, 4),
(384, 'Borgáta', 9554, 12),
(385, 'Borjád', 7756, 18),
(386, 'Borota', 6445, 18),
(387, 'Borsfa', 8885, 2),
(388, 'Borsodbóta', 3658, 15),
(389, 'Borsodgeszt', 3426, 2),
(390, 'Borsodivánka', 3462, 17),
(391, 'Borsodnádasd', 3672, 17),
(392, 'Borsodnádasd', 3671, 4),
(393, 'Borsodszentgyörgy', 3623, 17),
(394, 'Borsodszirák', 3796, 4),
(395, 'Borsosberény', 2644, 19),
(396, 'Borszörcsök', 8479, 19),
(397, 'Borzavár', 8428, 17),
(398, 'Börzönce', 8772, 17),
(399, 'Bősárkány', 9167, 14),
(400, 'Bosta', 7811, 15),
(401, 'Bőszénfa', 7475, 16),
(402, 'Botpalád', 4955, 7),
(403, 'Botykapeterd', 7900, 7),
(404, 'Bozsok', 9727, 19),
(405, 'Bózsva', 3994, 7),
(406, 'Bozzai', 9752, 14),
(407, 'Bucsa', 5527, 3),
(408, 'Bucsu', 9792, 17),
(409, 'Bucsuszentlászló', 8925, 19),
(410, 'Bucsuta', 8893, 19),
(411, 'Budajenő', 2093, 13),
(412, 'Budakalász', 2011, 13),
(413, 'Budakeszi', 2092, 13),
(414, 'Budaörs', 2040, 13),
(415, 'Budapest', 1069, 13),
(416, 'Budapest', 1011, 13),
(417, 'Budapest', 1012, 13),
(418, 'Budapest', 1013, 13),
(419, 'Budapest', 1014, 13),
(420, 'Budapest', 1015, 13),
(421, 'Budapest', 1016, 13),
(422, 'Budapest', 1021, 13),
(423, 'Budapest', 1022, 13),
(424, 'Budapest', 1023, 13),
(425, 'Budapest', 1024, 13),
(426, 'Budapest', 1025, 13),
(427, 'Budapest', 1026, 13),
(428, 'Budapest', 1027, 13),
(429, 'Budapest', 1028, 13),
(430, 'Budapest', 1029, 13),
(431, 'Budapest', 1031, 13),
(432, 'Budapest', 1032, 13),
(433, 'Budapest', 1033, 13),
(434, 'Budapest', 1034, 13),
(435, 'Budapest', 1035, 13),
(436, 'Budapest', 1036, 13),
(437, 'Budapest', 1037, 13),
(438, 'Budapest', 1038, 13),
(439, 'Budapest', 1039, 13),
(440, 'Budapest', 1041, 13),
(441, 'Budapest', 1042, 13),
(442, 'Budapest', 1043, 13),
(443, 'Budapest', 1044, 13),
(444, 'Budapest', 1045, 13),
(445, 'Budapest', 1046, 13),
(446, 'Budapest', 1047, 13),
(447, 'Budapest', 1048, 13),
(448, 'Budapest', 1051, 13),
(449, 'Budapest', 1052, 13),
(450, 'Budapest', 1053, 13),
(451, 'Budapest', 1054, 13),
(452, 'Budapest', 1055, 13),
(453, 'Budapest', 1056, 13),
(454, 'Budapest', 1061, 13),
(455, 'Budapest', 1062, 13),
(456, 'Budapest', 1063, 13),
(457, 'Budapest', 1064, 13),
(458, 'Budapest', 1065, 13),
(459, 'Budapest', 1066, 13),
(460, 'Budapest', 1067, 13),
(461, 'Budapest', 1068, 13),
(462, 'Budapest', 1071, 13),
(463, 'Budapest', 1072, 13),
(464, 'Budapest', 1073, 13),
(465, 'Budapest', 1074, 13),
(466, 'Budapest', 1075, 13),
(467, 'Budapest', 1076, 13),
(468, 'Budapest', 1077, 13),
(469, 'Budapest', 1078, 13),
(470, 'Budapest', 1081, 13),
(471, 'Budapest', 1082, 13),
(472, 'Budapest', 1083, 13),
(473, 'Budapest', 1084, 13),
(474, 'Budapest', 1085, 13),
(475, 'Budapest', 1086, 13),
(476, 'Budapest', 1087, 13),
(477, 'Budapest', 1088, 13),
(478, 'Budapest', 1089, 13),
(479, 'Budapest', 1091, 13),
(480, 'Budapest', 1092, 13),
(481, 'Budapest', 1093, 13),
(482, 'Budapest', 1094, 13),
(483, 'Budapest', 1095, 13),
(484, 'Budapest', 1096, 13),
(485, 'Budapest', 1097, 13),
(486, 'Budapest', 1098, 13),
(487, 'Budapest', 1101, 13),
(488, 'Budapest', 1102, 13),
(489, 'Budapest', 1103, 13),
(490, 'Budapest', 1104, 13),
(491, 'Budapest', 1105, 13),
(492, 'Budapest', 1106, 13),
(493, 'Budapest', 1107, 13),
(494, 'Budapest', 1108, 13),
(495, 'Budapest', 1111, 13),
(496, 'Budapest', 1112, 13),
(497, 'Budapest', 1113, 13),
(498, 'Budapest', 1114, 13),
(499, 'Budapest', 1115, 13),
(500, 'Budapest', 1116, 13),
(501, 'Budapest', 1117, 13),
(502, 'Budapest', 1118, 13),
(503, 'Budapest', 1119, 13),
(504, 'Budapest', 1121, 13),
(505, 'Budapest', 1122, 13),
(506, 'Budapest', 1123, 13),
(507, 'Budapest', 1124, 13),
(508, 'Budapest', 1125, 13),
(509, 'Budapest', 1126, 13),
(510, 'Budapest', 1131, 13),
(511, 'Budapest', 1132, 13),
(512, 'Budapest', 1133, 13),
(513, 'Budapest', 1134, 13),
(514, 'Budapest', 1135, 13),
(515, 'Budapest', 1136, 13),
(516, 'Budapest', 1137, 13),
(517, 'Budapest', 1138, 13),
(518, 'Budapest', 1139, 13),
(519, 'Budapest', 1141, 13),
(520, 'Budapest', 1142, 13),
(521, 'Budapest', 1143, 13),
(522, 'Budapest', 1144, 13),
(523, 'Budapest', 1145, 13),
(524, 'Budapest', 1146, 13),
(525, 'Budapest', 1147, 13),
(526, 'Budapest', 1148, 13),
(527, 'Budapest', 1149, 13),
(528, 'Budapest', 1151, 13),
(529, 'Budapest', 1152, 13),
(530, 'Budapest', 1153, 13),
(531, 'Budapest', 1154, 13),
(532, 'Budapest', 1155, 13),
(533, 'Budapest', 1156, 13),
(534, 'Budapest', 1157, 13),
(535, 'Budapest', 1158, 13),
(536, 'Budapest', 1161, 13),
(537, 'Budapest', 1162, 13),
(538, 'Budapest', 1163, 13),
(539, 'Budapest', 1164, 13),
(540, 'Budapest', 1165, 13),
(541, 'Budapest', 1171, 13),
(542, 'Budapest', 1172, 13),
(543, 'Budapest', 1173, 13),
(544, 'Budapest', 1174, 13),
(545, 'Budapest', 1181, 13),
(546, 'Budapest', 1182, 13),
(547, 'Budapest', 1183, 13),
(548, 'Budapest', 1184, 13),
(549, 'Budapest', 1185, 13),
(550, 'Budapest', 1186, 13),
(551, 'Budapest', 1188, 13),
(552, 'Budapest', 1191, 13),
(553, 'Budapest', 1192, 13),
(554, 'Budapest', 1193, 13),
(555, 'Budapest', 1194, 13),
(556, 'Budapest', 1195, 13),
(557, 'Budapest', 1196, 13),
(558, 'Budapest', 1201, 13),
(559, 'Budapest', 1202, 13),
(560, 'Budapest', 1203, 13),
(561, 'Budapest', 1204, 13),
(562, 'Budapest', 1205, 13),
(563, 'Budapest', 1211, 13),
(564, 'Budapest', 1212, 13),
(565, 'Budapest', 1213, 13),
(566, 'Budapest', 1214, 13),
(567, 'Budapest', 1215, 13),
(568, 'Budapest', 1221, 13),
(569, 'Budapest', 1222, 13),
(570, 'Budapest', 1223, 13),
(571, 'Budapest', 1224, 13),
(572, 'Budapest', 1225, 13),
(573, 'Budapest', 1237, 13),
(574, 'Budapest', 1238, 13),
(575, 'Budapest', 1239, 13),
(576, 'Budapest', 1529, 13),
(577, 'Bugac', 6114, 1),
(578, 'Bugacpusztaháza', 6114, 1),
(579, 'Bugyi', 2347, 13),
(580, 'Buj', 4483, 15),
(581, 'Buják', 3047, 12),
(582, 'Bük', 9740, 14),
(583, 'Bük', 9737, 17),
(584, 'Bükkábrány', 3422, 17),
(585, 'Bükkaranyos', 3554, 4),
(586, 'Bükkmogyorósd', 3648, 4),
(587, 'Bükkösd', 7682, 4),
(588, 'Bükkszék', 3335, 2),
(589, 'Bükkszenterzsébet', 3257, 9),
(590, 'Bükkszentkereszt', 3557, 9),
(591, 'Bükkszentmárton', 3346, 4),
(592, 'Bükkzsérc', 3414, 9),
(593, 'Bürüs', 7973, 4),
(594, 'Büssü', 7273, 2),
(595, 'Büttös', 3821, 14),
(596, 'Buzsák', 8695, 4),
(597, 'Cák', 9725, 17),
(598, 'Cakóháza', 9165, 7),
(599, 'Cece', 7013, 6),
(600, 'Cégénydányád', 4732, 15),
(601, 'Cegléd', 2738, 13),
(602, 'Cegléd', 2700, 13),
(603, 'Ceglédbercel', 2737, 13),
(604, 'Celldömölk', 9541, 17),
(605, 'Celldömölk', 9500, 17),
(606, 'Cered', 3123, 12),
(607, 'Chernelházadamonya', 9624, 17),
(608, 'Cibakháza', 5462, 10),
(609, 'Cigánd', 3973, 4),
(610, 'Cikó', 7161, 16),
(611, 'Cirák', 9364, 7),
(612, 'Csabacsűd', 5551, 3),
(613, 'Csabaszabadi', 5609, 3),
(614, 'Csabdi', 2064, 6),
(615, 'Csabrendek', 8474, 18),
(616, 'Csáfordjánosfa', 9375, 7),
(617, 'Csaholc', 4967, 15),
(618, 'Csajág', 8163, 18),
(619, 'Csákány', 8735, 14),
(620, 'Csákánydoroszló', 9919, 17),
(621, 'Csákberény', 8073, 6),
(622, 'Csákvár', 8083, 6),
(623, 'Csanádalberti', 6915, 5),
(624, 'Csanádapáca', 5662, 3),
(625, 'Csanádpalota', 6913, 5),
(626, 'Csánig', 9654, 17),
(627, 'Csány', 3015, 9),
(628, 'Csányoszró', 7964, 2),
(629, 'Csanytelek', 6647, 5),
(630, 'Csapi', 8756, 19),
(631, 'Csapod', 9372, 7),
(632, 'Csárdaszállás', 5621, 3),
(633, 'Csarnóta', 7811, 2),
(634, 'Csaroda', 4844, 15),
(635, 'Császár', 2858, 11),
(636, 'Császártöltés', 6239, 1),
(637, 'Császló', 4973, 15),
(638, 'Csátalja', 6523, 1),
(639, 'Csatár', 8943, 19),
(640, 'Csataszög', 5064, 10),
(641, 'Csatka', 2888, 11),
(642, 'Csávoly', 6448, 1),
(643, 'Csebény', 7935, 2),
(644, 'Csécse', 3052, 12),
(645, 'Csegöld', 4742, 15),
(646, 'Csehbánya', 8445, 18),
(647, 'Csehi', 9833, 17),
(648, 'Csehimindszent', 9834, 17),
(649, 'Csém', 2949, 11),
(650, 'Csemő', 2713, 13),
(651, 'Csempeszkopács', 9764, 17),
(652, 'Csengele', 6765, 5),
(653, 'Csenger', 4765, 15),
(654, 'Csengersima', 4743, 15),
(655, 'Csengerújfalu', 4764, 15),
(656, 'Csengőd', 6222, 1),
(657, 'Csénye', 9611, 17),
(658, 'Csenyéte', 3837, 4),
(659, 'Csép', 2946, 11),
(660, 'Csépa', 5475, 10),
(661, 'Csepreg', 9735, 17),
(662, 'Csér', 9375, 7),
(663, 'Cserdi', 7683, 2),
(664, 'Cserénfa', 7472, 14),
(665, 'Cserépfalu', 3413, 4),
(666, 'Cserépváralja', 3417, 4),
(667, 'Cserháthaláp', 2694, 12),
(668, 'Cserhátsurány', 2676, 12),
(669, 'Cserhátszentiván', 3066, 12),
(670, 'Cserkeszőlő', 5465, 10),
(671, 'Cserkút', 7673, 2),
(672, 'Csernely', 3648, 4),
(673, 'Cserszegtomaj', 8372, 19),
(674, 'Csertalakos', 8951, 19),
(675, 'Csertő', 7900, 2),
(676, 'Csesznek', 8419, 18),
(677, 'Csesztreg', 8973, 19),
(678, 'Csesztve', 2678, 12),
(679, 'Csetény', 8417, 18),
(680, 'Csévharaszt', 2212, 13),
(681, 'Csibrák', 7225, 16),
(682, 'Csikéria', 6424, 1),
(683, 'Csikóstőttős', 7341, 16),
(684, 'Csikvánd', 9127, 7),
(685, 'Csincse', 3442, 4),
(686, 'Csipkerek', 9836, 17),
(687, 'Csitár', 2673, 12),
(688, 'Csobád', 3848, 4),
(689, 'Csobaj', 3927, 4),
(690, 'Csobánka', 2014, 13),
(691, 'Csöde', 8999, 6),
(692, 'Csögle', 8495, 14),
(693, 'Csókakő', 8074, 4),
(694, 'Csökmő', 4145, 11),
(695, 'Csököly', 7526, 1),
(696, 'Csokonyavisonta', 7555, 14),
(697, 'Csokvaomány', 3647, 13),
(698, 'Csolnok', 2521, 14),
(699, 'Csólyospálos', 6135, 5),
(700, 'Csoma', 7253, 5),
(701, 'Csomád', 2161, 19),
(702, 'Csombárd', 7432, 2),
(703, 'Csömend', 8700, 18),
(704, 'Csömödér', 8957, 6),
(705, 'Csömör', 2141, 7),
(706, 'Csönge', 9513, 3),
(707, 'Csongrád', 6648, 18),
(708, 'Csongrád', 6640, 19),
(709, 'Csonkahegyhát', 8918, 18),
(710, 'Csonkamindszent', 7940, 8),
(711, 'Csopak', 8229, 14),
(712, 'Csór', 8041, 14),
(713, 'Csorna', 9300, 19),
(714, 'Csörnyeföld', 8873, 13),
(715, 'Csörötnek', 9962, 17),
(716, 'Csorvás', 5920, 19),
(717, 'Csősz', 8122, 17),
(718, 'Csót', 8558, 6),
(719, 'Csővár', 2615, 13),
(720, 'Csurgó', 8840, 14),
(721, 'Csurgónagymarton', 8840, 14),
(722, 'Cún', 7843, 2),
(723, 'Dabas', 2373, 13),
(724, 'Dabas', 2371, 13),
(725, 'Dabas', 2370, 13),
(726, 'Dabronc', 8345, 18),
(727, 'Dabrony', 8485, 18),
(728, 'Dad', 2854, 11),
(729, 'Dág', 2522, 11),
(730, 'Dáka', 8592, 18),
(731, 'Dalmand', 7211, 16),
(732, 'Damak', 3780, 4),
(733, 'Dámóc', 3978, 4),
(734, 'Dánszentmiklós', 2735, 13),
(735, 'Dány', 2118, 13),
(736, 'Daraboshegy', 9917, 17),
(737, 'Darány', 7988, 14),
(738, 'Darnó', 4737, 15),
(739, 'Darnózseli', 9232, 7),
(740, 'Darvas', 4144, 8),
(741, 'Dávod', 6524, 1),
(742, 'Debercsény', 2694, 12),
(743, 'Debrecen', 4079, 8),
(744, 'Debrecen', 4078, 8),
(745, 'Debrecen', 4225, 8),
(746, 'Debrecen', 4063, 8),
(747, 'Debrecen', 4000, 8),
(748, 'Debrecen', 4002, 8),
(749, 'Debrecen', 4024, 8),
(750, 'Debrecen', 4025, 8),
(751, 'Debrecen', 4026, 8),
(752, 'Debrecen', 4027, 8),
(753, 'Debrecen', 4028, 8),
(754, 'Debrecen', 4029, 8),
(755, 'Debrecen', 4030, 8),
(756, 'Debrecen', 4031, 8),
(757, 'Debrecen', 4032, 8),
(758, 'Debrecen', 4033, 8),
(759, 'Debrecen', 4034, 8),
(760, 'Debréte', 3825, 4),
(761, 'Decs', 7144, 16),
(762, 'Dédestapolcsány', 3643, 4),
(763, 'Dég', 8135, 6),
(764, 'Dejtár', 2649, 12),
(765, 'Délegyháza', 2337, 13),
(766, 'Demecser', 4516, 15),
(767, 'Demjén', 3395, 9),
(768, 'Dencsháza', 7915, 2),
(769, 'Dénesfa', 9365, 7),
(770, 'Derecske', 4130, 8),
(771, 'Derekegyház', 6621, 5),
(772, 'Deszk', 6772, 5),
(773, 'Detek', 3834, 4),
(774, 'Detk', 3275, 9),
(775, 'Dévaványa', 5510, 3),
(776, 'Devecser', 8460, 18),
(777, 'Dinnyeberki', 7683, 2),
(778, 'Diósberény', 7072, 16),
(779, 'Diósd', 2049, 13),
(780, 'Diósjenő', 2643, 12),
(781, 'Dióskál', 8764, 19),
(782, 'Diósviszló', 7817, 2),
(783, 'Doba', 8482, 18),
(784, 'Döbörhegy', 9914, 3),
(785, 'Doboz', 5624, 19),
(786, 'Dobri', 8874, 19),
(787, 'Döbröce', 8357, 5),
(788, 'Döbrököz', 7228, 4),
(789, 'Dobronhegy', 8989, 5),
(790, 'Döbrönte', 8597, 3),
(791, 'Dóc', 6766, 3),
(792, 'Döge', 4495, 16),
(793, 'Domaháza', 3627, 15),
(794, 'Domaszék', 6781, 13),
(795, 'Dombegyház', 5836, 9),
(796, 'Dombiratos', 5745, 9),
(797, 'Dombóvár', 7200, 11),
(798, 'Dombrád', 4492, 12),
(799, 'Domony', 2182, 17),
(800, 'Dömös', 2027, 17),
(801, 'Domoszló', 3263, 19),
(802, 'Dömsöd', 2344, 16),
(803, 'Dör', 9147, 18),
(804, 'Dörgicse', 8244, 15),
(805, 'Dormánd', 3374, 11),
(806, 'Dorog', 2510, 13),
(807, 'Dorogháza', 3153, 7),
(808, 'Döröske', 9913, 18),
(809, 'Dötk', 8799, 17),
(810, 'Dövény', 3721, 19),
(811, 'Dozmat', 9791, 4),
(812, 'Drágszél', 6342, 1),
(813, 'Drávacsehi', 7849, 2),
(814, 'Drávacsepely', 7846, 2),
(815, 'Drávafok', 7967, 2),
(816, 'Drávagárdony', 7977, 14),
(817, 'Drávaiványi', 7960, 2),
(818, 'Drávakeresztúr', 7967, 2),
(819, 'Drávapalkonya', 7850, 2),
(820, 'Drávapiski', 7843, 2),
(821, 'Drávaszabolcs', 7851, 2),
(822, 'Drávaszerdahely', 7847, 2),
(823, 'Drávasztára', 7960, 2),
(824, 'Drávatamási', 7979, 14),
(825, 'Drégelypalánk', 2646, 12),
(826, 'Dubicsány', 3635, 4),
(827, 'Dudar', 8416, 18),
(828, 'Duka', 9556, 17),
(829, 'Dunaalmás', 2545, 11),
(830, 'Dunabogdány', 2023, 13),
(831, 'Dunaegyháza', 6323, 1),
(832, 'Dunafalva', 6513, 1),
(833, 'Dunaföldvár', 7020, 16),
(834, 'Dunaharaszti', 2330, 13),
(835, 'Dunakeszi', 2120, 13),
(836, 'Dunakiliti', 9225, 7),
(837, 'Dunapataj', 6328, 1),
(838, 'Dunaremete', 9235, 7),
(839, 'Dunaszeg', 9174, 7),
(840, 'Dunaszekcső', 7712, 2),
(841, 'Dunaszentbenedek', 6333, 1),
(842, 'Dunaszentgyörgy', 7135, 16),
(843, 'Dunaszentmiklós', 2897, 11),
(844, 'Dunaszentpál', 9175, 7),
(845, 'Dunasziget', 9226, 7),
(846, 'Dunatetétlen', 6325, 1),
(847, 'Dunaújváros', 2407, 6),
(848, 'Dunaújváros', 2400, 6),
(849, 'Dunavarsány', 2336, 13),
(850, 'Dunavecse', 6087, 1),
(851, 'Dusnok', 6353, 1),
(852, 'Dúzs', 7224, 16),
(853, 'Ebergőc', 9451, 7),
(854, 'Ebes', 4211, 8),
(855, 'Écs', 9083, 7),
(856, 'Ecséd', 3013, 9),
(857, 'Ecseg', 3053, 12),
(858, 'Ecsegfalva', 5515, 3),
(859, 'Ecseny', 7457, 14),
(860, 'Ecser', 2233, 13),
(861, 'Edde', 7443, 14),
(862, 'Edelény', 3783, 4),
(863, 'Edelény', 3780, 4),
(864, 'Edve', 9343, 7),
(865, 'Eger', 3304, 9),
(866, 'Eger', 3323, 9),
(867, 'Eger', 3300, 9),
(868, 'Egerág', 7763, 2),
(869, 'Egeralja', 8497, 18),
(870, 'Egeraracsa', 8765, 19),
(871, 'Egerbakta', 3321, 9),
(872, 'Egerbocs', 3337, 9),
(873, 'Egercsehi', 3341, 9),
(874, 'Egerfarmos', 3379, 9),
(875, 'Egerlövő', 3461, 4),
(876, 'Egerszalók', 3394, 9),
(877, 'Égerszög', 3757, 9),
(878, 'Egerszólát', 3328, 4),
(879, 'Egervár', 8913, 19),
(880, 'Egervölgy', 9684, 17),
(881, 'Egyed', 9314, 7),
(882, 'Egyek', 4067, 8),
(883, 'Egyek', 4069, 8),
(884, 'Egyházasdengeleg', 3043, 12),
(885, 'Egyházasfalu', 9473, 7),
(886, 'Egyházasgerge', 3185, 12),
(887, 'Egyházasharaszti', 7824, 2),
(888, 'Egyházashetye', 9554, 17),
(889, 'Egyházashollós', 9781, 17),
(890, 'Egyházaskesző', 8523, 18),
(891, 'Egyházaskozár', 7347, 2),
(892, 'Egyházasrádóc', 9783, 17),
(893, 'Elek', 5742, 3),
(894, 'Ellend', 7744, 2),
(895, 'Előszállás', 2423, 6),
(896, 'Előszállás', 2424, 6),
(897, 'Emőd', 3432, 4),
(898, 'Encs', 3854, 4),
(899, 'Encs', 3860, 4),
(900, 'Encsencs', 4374, 15),
(901, 'Endrefalva', 3165, 12),
(902, 'Endrőc', 7973, 2),
(903, 'Enese', 9143, 7),
(904, 'Enying', 8131, 6),
(905, 'Enying', 8130, 6),
(906, 'Eperjes', 6624, 5),
(907, 'Eperjeske', 4646, 15),
(908, 'Eplény', 8413, 18),
(909, 'Epöl', 2526, 11),
(910, 'Ercsi', 2453, 6),
(911, 'Ercsi', 2451, 6),
(912, 'Érd', 2036, 13),
(913, 'Érd', 2035, 13),
(914, 'Érd', 2030, 13),
(915, 'Erdőbénye', 3932, 4),
(916, 'Erdőhorváti', 3935, 4),
(917, 'Erdőkertes', 2113, 13),
(918, 'Erdőkövesd', 3252, 9),
(919, 'Erdőkürt', 2176, 12),
(920, 'Erdősmárok', 7735, 2),
(921, 'Erdősmecske', 7723, 2),
(922, 'Erdőtarcsa', 2177, 12),
(923, 'Erdőtelek', 3358, 9),
(924, 'Erk', 3295, 9),
(925, 'Érpatak', 4245, 15),
(926, 'Érsekcsanád', 6347, 1),
(927, 'Érsekhalma', 6348, 1),
(928, 'Érsekvadkert', 2659, 12),
(929, 'Értény', 7093, 16),
(930, 'Erzsébet', 7661, 2),
(931, 'Esztár', 4124, 8),
(932, 'Eszteregnye', 8882, 19),
(933, 'Esztergályhorváti', 8742, 19),
(934, 'Esztergom', 2509, 11),
(935, 'Esztergom', 2500, 11),
(936, 'Ete', 2947, 11),
(937, 'Etes', 3136, 12),
(938, 'Etyek', 2091, 6),
(939, 'Fábiánháza', 4354, 15),
(940, 'Fábiánsebestyén', 6625, 5),
(941, 'Fácánkert', 7136, 16),
(942, 'Fadd', 7139, 16),
(943, 'Fadd', 7133, 16),
(944, 'Fáj', 3865, 4),
(945, 'Fajsz', 6352, 1),
(946, 'Fancsal', 3855, 4),
(947, 'Farád', 9321, 7),
(948, 'Farkasgyepű', 8582, 18),
(949, 'Farkaslyuk', 3608, 4),
(950, 'Farmos', 2765, 13),
(951, 'Fazekasboda', 7732, 2),
(952, 'Fedémes', 3255, 9),
(953, 'Fegyvernek', 5213, 10),
(954, 'Fegyvernek', 5231, 10),
(955, 'Fehérgyarmat', 4900, 15),
(956, 'Fehértó', 9163, 7),
(957, 'Fehérvárcsurgó', 8052, 6),
(958, 'Feked', 7724, 2),
(959, 'Feketeerdő', 9211, 7),
(960, 'Felcsút', 8086, 6),
(961, 'Feldebrő', 3352, 9),
(962, 'Felgyő', 6645, 5),
(963, 'Felpéc', 9122, 7),
(964, 'Felsőberecki', 3985, 4),
(965, 'Felsőcsatár', 9794, 17),
(966, 'Felsődobsza', 3847, 4),
(967, 'Felsőegerszeg', 7370, 2),
(968, 'Felsőgagy', 3837, 4),
(969, 'Felsőjánosfa', 9934, 17),
(970, 'Felsőkelecsény', 3722, 4),
(971, 'Felsőlajos', 6055, 1),
(972, 'Felsőmarác', 9918, 17),
(973, 'Felsőmocsolád', 7456, 14),
(974, 'Felsőnána', 7175, 16),
(975, 'Felsőnyárád', 3721, 4),
(976, 'Felsőnyék', 7099, 16),
(977, 'Felsőörs', 8227, 18),
(978, 'Felsőpáhok', 8380, 19),
(979, 'Felsőpakony', 2363, 13),
(980, 'Felsőpetény', 2611, 12),
(981, 'Felsőrajk', 8767, 19),
(982, 'Felsőregmec', 3989, 4),
(983, 'Felsőszenterzsébet', 8973, 19),
(984, 'Felsőszentiván', 6447, 1),
(985, 'Felsőszentmárton', 7968, 2),
(986, 'Felsőszölnök', 9985, 17),
(987, 'Felsőtárkány', 3324, 9),
(988, 'Felsőtelekes', 3735, 4),
(989, 'Felsőtold', 3067, 12),
(990, 'Felsővadász', 3814, 4),
(991, 'Felsőzsolca', 3561, 4),
(992, 'Fényeslitke', 4621, 15),
(993, 'Fenyőfő', 8432, 18),
(994, 'Ferencszállás', 6774, 5),
(995, 'Fertőboz', 9493, 7),
(996, 'Fertőd', 9433, 7),
(997, 'Fertőd', 9431, 7),
(998, 'Fertőendréd', 9442, 7),
(999, 'Fertőhomok', 9492, 7),
(1000, 'Fertőrákos', 9421, 7),
(1001, 'Fertőszentmiklós', 9444, 7),
(1002, 'Fertőszéplak', 9436, 7),
(1003, 'Fiad', 7282, 14),
(1004, 'Filkeháza', 3994, 4),
(1005, 'Fityeház', 8835, 19),
(1006, 'Foktő', 6331, 1),
(1007, 'Földeák', 6922, 8),
(1008, 'Földes', 4177, 14),
(1009, 'Folyás', 4090, 4),
(1010, 'Fonó', 7271, 14),
(1011, 'Fony', 3893, 14),
(1012, 'Főnyed', 8732, 5),
(1013, 'Fonyód', 8644, 4),
(1014, 'Fonyód', 8640, 13),
(1015, 'Forráskút', 6793, 5),
(1016, 'Forró', 3849, 8),
(1017, 'Fót', 2151, 14),
(1018, 'Füle', 8157, 4),
(1019, 'Fülesd', 4964, 8),
(1020, 'Fulókércs', 3864, 6),
(1021, 'Fülöp', 4266, 15),
(1022, 'Fülöpháza', 6042, 8),
(1023, 'Fülöpjakab', 6116, 1),
(1024, 'Fülöpszállás', 6085, 1),
(1025, 'Fülpösdaróc', 4754, 1),
(1026, 'Fürged', 7087, 15),
(1027, 'Furta', 4141, 16),
(1028, 'Füzér', 3996, 4),
(1029, 'Füzérkajata', 3994, 4),
(1030, 'Füzérkomlós', 3997, 4),
(1031, 'Füzérradvány', 3993, 4),
(1032, 'Füzesabony', 3390, 9),
(1033, 'Füzesgyarmat', 5525, 3),
(1034, 'Füzvölgy', 8777, 19),
(1035, 'Gáborján', 4122, 8),
(1036, 'Gáborjánháza', 8969, 19),
(1037, 'Gacsály', 4972, 15),
(1038, 'Gadács', 7276, 14),
(1039, 'Gadány', 8716, 14),
(1040, 'Gadna', 3815, 4),
(1041, 'Gádoros', 5932, 3),
(1042, 'Gagyapáti', 3837, 4),
(1043, 'Gagybátor', 3817, 4),
(1044, 'Gagyvendégi', 3816, 4),
(1045, 'Galambok', 8754, 19),
(1046, 'Galgaguta', 2686, 12),
(1047, 'Galgagyörk', 2681, 13),
(1048, 'Galgahévíz', 2193, 13),
(1049, 'Galgamácsa', 2183, 13),
(1050, 'Gálosfa', 7473, 14),
(1051, 'Galvács', 3752, 4),
(1052, 'Gamás', 8685, 14),
(1053, 'Ganna', 8597, 18),
(1054, 'Gánt', 8082, 6),
(1055, 'Gara', 6522, 1),
(1056, 'Garáb', 3067, 12),
(1057, 'Garabonc', 8747, 19),
(1058, 'Garadna', 3873, 4),
(1059, 'Garbolc', 4976, 15),
(1060, 'Gárdony', 2484, 6),
(1061, 'Gárdony', 2485, 6),
(1062, 'Gárdony', 2483, 6),
(1063, 'Garé', 7812, 2),
(1064, 'Gasztony', 9952, 17),
(1065, 'Gátér', 6111, 1),
(1066, 'Gávavencsellő', 4471, 15),
(1067, 'Gávavencsellő', 4472, 15),
(1068, 'Géberjén', 4754, 15),
(1069, 'Gecse', 8543, 18),
(1070, 'Géderlak', 6334, 1),
(1071, 'Gégény', 4517, 15),
(1072, 'Gelej', 3444, 4),
(1073, 'Gelénes', 4935, 15),
(1074, 'Gellénháza', 8981, 19),
(1075, 'Gelse', 8774, 19),
(1076, 'Gelsesziget', 8774, 19),
(1077, 'Gemzse', 4567, 15),
(1078, 'Gencsapáti', 9721, 17),
(1079, 'Gérce', 9672, 17),
(1080, 'Gerde', 7951, 2),
(1081, 'Gerendás', 5925, 3),
(1082, 'Gerényes', 7362, 2),
(1083, 'Geresdlak', 7733, 2),
(1084, 'Gerjen', 7134, 16),
(1085, 'Gersekarát', 9813, 17),
(1086, 'Geszt', 5734, 3),
(1087, 'Gesztely', 3923, 4),
(1088, 'Gesztely', 3715, 4),
(1089, 'Geszteréd', 4232, 15),
(1090, 'Gétye', 8762, 19),
(1091, 'Gic', 8435, 18),
(1092, 'Gige', 7527, 14),
(1093, 'Gilvánfa', 7954, 2),
(1094, 'Girincs', 3578, 4),
(1095, 'Göd', 2131, 18),
(1096, 'Göd', 2132, 4),
(1097, 'Gödöllő', 2100, 13),
(1098, 'Gödre', 7386, 19),
(1099, 'Gödre', 7385, 17),
(1100, 'Gógánfa', 8346, 2),
(1101, 'Gölle', 7272, 19),
(1102, 'Golop', 3906, 13),
(1103, 'Gomba', 2217, 13),
(1104, 'Gombosszeg', 8984, 13),
(1105, 'Gömörszőlős', 3728, 2),
(1106, 'Gönc', 3895, 2),
(1107, 'Göncruszka', 3894, 14),
(1108, 'Gönyű', 9071, 4),
(1109, 'Gór', 9625, 4),
(1110, 'Görbeháza', 4075, 4),
(1111, 'Görcsöny', 7833, 7),
(1112, 'Görcsönydoboka', 7728, 8),
(1113, 'Gordisa', 7853, 2),
(1114, 'Görgeteg', 7553, 2),
(1115, 'Gősfa', 8913, 14),
(1116, 'Gosztola', 8978, 19),
(1117, 'Grábóc', 7162, 16),
(1118, 'Gulács', 4842, 15),
(1119, 'Gutorfölde', 8951, 19),
(1120, 'Gyál', 2360, 13),
(1121, 'Gyalóka', 9474, 7),
(1122, 'Gyanógeregye', 9774, 17),
(1123, 'Gyarmat', 9126, 7),
(1124, 'Gyékényes', 8851, 14),
(1125, 'Gyenesdiás', 8315, 19),
(1126, 'Gyepükaján', 8473, 18),
(1127, 'Gyermely', 2821, 11),
(1128, 'Gyód', 7668, 2),
(1129, 'Gyomaendrőd', 5502, 3),
(1130, 'Gyomaendrőd', 5500, 3),
(1131, 'Gyömöre', 9124, 7),
(1132, 'Gyömrő', 2230, 7),
(1133, 'Gyöngyfa', 7954, 13),
(1134, 'Gyöngyös', 3221, 2),
(1135, 'Gyöngyös', 3232, 9),
(1136, 'Gyöngyös', 3233, 9),
(1137, 'Gyöngyös', 3200, 9),
(1138, 'Gyöngyösfalu', 9723, 9),
(1139, 'Gyöngyöshalász', 3212, 17),
(1140, 'Gyöngyösmellék', 7972, 9),
(1141, 'Gyöngyösoroszi', 3211, 2),
(1142, 'Gyöngyöspata', 3035, 9),
(1143, 'Gyöngyössolymos', 3231, 9),
(1144, 'Gyöngyöstarján', 3036, 9),
(1145, 'Gyönk', 7064, 9),
(1146, 'Győr', 9019, 16),
(1147, 'Győr', 9011, 7),
(1148, 'Győr', 9012, 7),
(1149, 'Győr', 9000, 7),
(1150, 'Győr', 9021, 7),
(1151, 'Győr', 9022, 7),
(1152, 'Győr', 9023, 7),
(1153, 'Győr', 9024, 7),
(1154, 'Győr', 9025, 7),
(1155, 'Győr', 9026, 7),
(1156, 'Győr', 9027, 7),
(1157, 'Győr', 9028, 7),
(1158, 'Győr', 9029, 7),
(1159, 'Győr', 9030, 7),
(1160, 'Győrasszonyfa', 9093, 7),
(1161, 'Györe', 7352, 7),
(1162, 'Györgytarló', 3954, 16),
(1163, 'Györköny', 7045, 4),
(1164, 'Győrladamér', 9173, 16),
(1165, 'Gyóró', 9363, 7),
(1166, 'Győröcske', 4625, 15),
(1167, 'Győrság', 9084, 7),
(1168, 'Győrsövényház', 9161, 7),
(1169, 'Győrszemere', 9121, 7),
(1170, 'Győrtelek', 4752, 15),
(1171, 'Győrújbarát', 9081, 7),
(1172, 'Győrújfalu', 9171, 7),
(1173, 'Győrvár', 9821, 17),
(1174, 'Győrzámoly', 9172, 7),
(1175, 'Gyugy', 8692, 14),
(1176, 'Gyügye', 4733, 3),
(1177, 'Gyula', 5711, 3),
(1178, 'Gyula', 5703, 3),
(1179, 'Gyula', 5700, 15),
(1180, 'Gyulaháza', 4545, 16),
(1181, 'Gyulaj', 7227, 18),
(1182, 'Gyulakeszi', 8286, 6),
(1183, 'Gyüre', 4813, 15),
(1184, 'Gyúró', 2464, 15),
(1185, 'Gyűrűs', 8932, 19),
(1186, 'Hács', 8694, 14),
(1187, 'Hagyárosbörönd', 8992, 19),
(1188, 'Hahót', 8771, 19),
(1189, 'Hajdúbagos', 4273, 8),
(1190, 'Hajdúböszörmény', 4224, 8),
(1191, 'Hajdúböszörmény', 4086, 8),
(1192, 'Hajdúböszörmény', 4074, 8),
(1193, 'Hajdúböszörmény', 4220, 8),
(1194, 'Hajdúdorog', 4087, 8),
(1195, 'Hajdúhadház', 4242, 8),
(1196, 'Hajdúnánás', 4085, 8),
(1197, 'Hajdúnánás', 4080, 8),
(1198, 'Hajdúsámson', 4251, 8),
(1199, 'Hajdúszoboszló', 4200, 8),
(1200, 'Hajdúszovát', 4212, 8),
(1201, 'Hajmás', 7473, 14),
(1202, 'Hajmáskér', 8192, 18),
(1203, 'Hajós', 6344, 1),
(1204, 'Halastó', 9814, 17),
(1205, 'Halászi', 9228, 7),
(1206, 'Halásztelek', 2314, 13),
(1207, 'Halimba', 8452, 18),
(1208, 'Halmaj', 3842, 4),
(1209, 'Halmajugra', 3273, 9),
(1210, 'Halogy', 9917, 17),
(1211, 'Hangács', 3795, 4),
(1212, 'Hangony', 3626, 4),
(1213, 'Hantos', 2434, 6),
(1214, 'Harasztifalu', 9784, 17),
(1215, 'Harc', 7172, 16),
(1216, 'Harka', 9422, 7),
(1217, 'Harkakötöny', 6136, 1),
(1218, 'Harkány', 7815, 2),
(1219, 'Háromfa', 7585, 14),
(1220, 'Háromhuta', 3936, 4),
(1221, 'Harsány', 3555, 4),
(1222, 'Hárskút', 8442, 18),
(1223, 'Harta', 6327, 1),
(1224, 'Harta', 6326, 1),
(1225, 'Hásságy', 7745, 2),
(1226, 'Hatvan', 3000, 9),
(1227, 'Hédervár', 9178, 7),
(1228, 'Hedrehely', 7533, 14),
(1229, 'Hegyesd', 8296, 18),
(1230, 'Hegyeshalom', 9222, 7),
(1231, 'Hegyfalu', 9631, 17),
(1232, 'Hegyháthodász', 9915, 17),
(1233, 'Hegyhátmaróc', 7348, 2),
(1234, 'Hegyhátsál', 9915, 17),
(1235, 'Hegyhátszentjakab', 9934, 17),
(1236, 'Hegyhátszentmárton', 9931, 17),
(1237, 'Hegyhátszentpéter', 9826, 17),
(1238, 'Hegykő', 9437, 7),
(1239, 'Hegymagas', 8265, 18),
(1240, 'Hegymeg', 3786, 4),
(1241, 'Hegyszentmárton', 7837, 2),
(1242, 'Héhalom', 3041, 12),
(1243, 'Hejce', 3892, 4),
(1244, 'Hejőbába', 3593, 4),
(1245, 'Hejőkeresztúr', 3597, 4),
(1246, 'Hejőkürt', 3588, 4),
(1247, 'Hejőpapi', 3594, 4),
(1248, 'Hejőszalonta', 3595, 4),
(1249, 'Helesfa', 7683, 2),
(1250, 'Helvécia', 6034, 1),
(1251, 'Hencida', 4123, 8),
(1252, 'Hencse', 7532, 14),
(1253, 'Herceghalom', 2053, 13),
(1254, 'Hercegkút', 3958, 4),
(1255, 'Hercegszántó', 6525, 1),
(1256, 'Heréd', 3011, 9),
(1257, 'Héreg', 2832, 11),
(1258, 'Herencsény', 2677, 12),
(1259, 'Herend', 8440, 18),
(1260, 'Heresznye', 7587, 14),
(1261, 'Hermánszeg', 4735, 15),
(1262, 'Hernád', 2376, 13),
(1263, 'Hernádbűd', 3853, 4),
(1264, 'Hernádcéce', 3887, 4),
(1265, 'Hernádkak', 3563, 4),
(1266, 'Hernádkércs', 3846, 4),
(1267, 'Hernádnémeti', 3564, 4),
(1268, 'Hernádpetri', 3874, 4),
(1269, 'Hernádszentandrás', 3852, 4),
(1270, 'Hernádszurdok', 3875, 4),
(1271, 'Hernádvécse', 3874, 4),
(1272, 'Hernyék', 8957, 19),
(1273, 'Hét', 3655, 4),
(1274, 'Hetefejércse', 4843, 15),
(1275, 'Hetes', 7432, 14),
(1276, 'Hetvehely', 7681, 2),
(1277, 'Hetyefő', 8344, 18),
(1278, 'Heves', 3360, 9),
(1279, 'Hevesaranyos', 3322, 9),
(1280, 'Hevesvezekény', 3383, 9),
(1281, 'Hévíz', 8380, 19),
(1282, 'Hévízgyörk', 2192, 13),
(1283, 'Hidas', 7696, 2),
(1284, 'Hidasnémeti', 3876, 4),
(1285, 'Hidegkút', 8247, 18),
(1286, 'Hidegség', 9491, 7),
(1287, 'Hidvégardó', 3768, 4),
(1288, 'Himesháza', 7735, 2),
(1289, 'Himod', 9362, 7),
(1290, 'Hirics', 7838, 2),
(1291, 'Hobol', 7971, 2),
(1292, 'Hodász', 4334, 15),
(1293, 'Hódmezővásárhely', 6806, 5),
(1294, 'Hódmezővásárhely', 6800, 5),
(1295, 'Hőgyész', 7191, 14),
(1296, 'Hollád', 8731, 4),
(1297, 'Hollóháza', 3999, 12),
(1298, 'Hollókő', 3176, 18),
(1299, 'Homokbödöge', 8563, 19),
(1300, 'Homokkomárom', 8777, 1),
(1301, 'Homokmégy', 6341, 14),
(1302, 'Homokszentgyörgy', 7537, 2),
(1303, 'Homorúd', 7716, 4),
(1304, 'Homrogd', 3812, 12),
(1305, 'Hont', 2647, 12),
(1306, 'Horpács', 2658, 9),
(1307, 'Hort', 3014, 8),
(1308, 'Hortobágy', 4071, 2),
(1309, 'Horváthertelend', 7935, 17),
(1310, 'Horvátlövő', 9796, 17),
(1311, 'Horvátzsidány', 9733, 2),
(1312, 'Hosszúhetény', 7694, 8),
(1313, 'Hosszúpályi', 4274, 17),
(1314, 'Hosszúpereszteg', 9676, 14),
(1315, 'Hosszúvíz', 8716, 19),
(1316, 'Hosszúvölgy', 8777, 18),
(1317, 'Hosztót', 8475, 19),
(1318, 'Hottó', 8991, 16),
(1319, 'Hövej', 9361, 7),
(1320, 'Hugyag', 2672, 12),
(1321, 'Hunya', 5555, 3),
(1322, 'Hunyadfalva', 5063, 10),
(1323, 'Husztót', 7678, 2),
(1324, 'Ibafa', 7935, 2),
(1325, 'Iborfia', 8984, 19),
(1326, 'Ibrány', 4484, 15),
(1327, 'Igal', 7275, 14),
(1328, 'Igar', 7016, 6),
(1329, 'Igar', 7015, 6),
(1330, 'Igrici', 3459, 4),
(1331, 'Iharos', 8726, 14),
(1332, 'Iharosberény', 8725, 14),
(1333, 'Ikervár', 9756, 17),
(1334, 'Iklad', 2181, 13),
(1335, 'Iklanberény', 9634, 17),
(1336, 'Iklódbördőce', 8958, 19),
(1337, 'Ikrény', 9141, 7),
(1338, 'Iliny', 2675, 12),
(1339, 'Ilk', 4566, 15),
(1340, 'Illocska', 7775, 2),
(1341, 'Imola', 3724, 4),
(1342, 'Imrehegy', 6238, 1),
(1343, 'Ináncs', 3851, 4),
(1344, 'Inárcs', 2365, 13),
(1345, 'Inke', 8724, 14),
(1346, 'Ipacsfa', 7847, 2),
(1347, 'Ipolydamásd', 2631, 13),
(1348, 'Ipolytarnóc', 3138, 12),
(1349, 'Ipolytölgyes', 2633, 13),
(1350, 'Ipolyvece', 2669, 12),
(1351, 'Iregszemcse', 7095, 16),
(1352, 'Irota', 3786, 4),
(1353, 'Isaszeg', 2117, 13),
(1354, 'Ispánk', 9941, 17),
(1355, 'Istenmezeje', 3253, 9),
(1356, 'Istvándi', 7987, 14),
(1357, 'Iszkaszentgyörgy', 8043, 6),
(1358, 'Iszkáz', 8493, 18),
(1359, 'Isztimér', 8045, 6),
(1360, 'Ivád', 3248, 9),
(1361, 'Iván', 9374, 7),
(1362, 'Ivánbattyán', 7772, 2),
(1363, 'Ivánc', 9931, 17),
(1364, 'Iváncsa', 2454, 6),
(1365, 'Ivándárda', 7781, 2),
(1366, 'Izmény', 7353, 16),
(1367, 'Izsák', 6070, 1),
(1368, 'Izsófalva', 3741, 4),
(1369, 'Jágónak', 7362, 16),
(1370, 'Ják', 9798, 17),
(1371, 'Jakabszállás', 6078, 1),
(1372, 'Jákfa', 9643, 17),
(1373, 'Jákfalva', 3721, 4),
(1374, 'Jákó', 7525, 14),
(1375, 'Jánd', 4841, 15),
(1376, 'Jánkmajtis', 4741, 15),
(1377, 'Jánoshalma', 6440, 1),
(1378, 'Jánosháza', 9545, 17),
(1379, 'Jánoshida', 5143, 10),
(1380, 'Jánossomorja', 9241, 7),
(1381, 'Jánossomorja', 9242, 7),
(1382, 'Járdánháza', 3664, 4),
(1383, 'Jármi', 4337, 15),
(1384, 'Jásd', 8424, 18),
(1385, 'Jászágó', 5124, 10),
(1386, 'Jászalsószentgyörgy', 5054, 10),
(1387, 'Jászapáti', 5130, 10),
(1388, 'Jászárokszállás', 5123, 10),
(1389, 'Jászberény', 5152, 10),
(1390, 'Jászberény', 5100, 10),
(1391, 'Jászboldogháza', 5144, 10),
(1392, 'Jászdózsa', 5122, 10),
(1393, 'Jászfelsőszentgyörgy', 5111, 10),
(1394, 'Jászfényszaru', 5126, 10),
(1395, 'Jászivány', 5135, 10),
(1396, 'Jászjákóhalma', 5121, 10),
(1397, 'Jászkarajenő', 2746, 13),
(1398, 'Jászkisér', 5137, 10),
(1399, 'Jászladány', 5055, 10),
(1400, 'Jászszentandrás', 5136, 10),
(1401, 'Jászszentlászló', 6133, 1),
(1402, 'Jásztelek', 5141, 10),
(1403, 'Jéke', 4611, 15),
(1404, 'Jenő', 8146, 6),
(1405, 'Jobaháza', 9323, 7),
(1406, 'Jobbágyi', 3063, 12),
(1407, 'Jósvafő', 3758, 4),
(1408, 'Juta', 7431, 14),
(1409, 'Kaba', 4183, 8),
(1410, 'Kacorlak', 8773, 19),
(1411, 'Kács', 3424, 4),
(1412, 'Kacsóta', 7940, 2),
(1413, 'Kadarkút', 7530, 14),
(1414, 'Kajárpéc', 9123, 7),
(1415, 'Kajászó', 2472, 6),
(1416, 'Kajdacs', 7051, 16),
(1417, 'Kakasd', 7122, 16),
(1418, 'Kákics', 7958, 2),
(1419, 'Kakucs', 2366, 13),
(1420, 'Kál', 3350, 9),
(1421, 'Kalaznó', 7194, 16),
(1422, 'Káld', 9673, 17),
(1423, 'Kálló', 2175, 12),
(1424, 'Kallósd', 8785, 19),
(1425, 'Kállósemjén', 4324, 15),
(1426, 'Kálmáncsa', 7538, 14),
(1427, 'Kálmánháza', 4434, 15),
(1428, 'Kálócfa', 8988, 19),
(1429, 'Kalocsa', 6300, 1),
(1430, 'Káloz', 8124, 6),
(1431, 'Kám', 9841, 17),
(1432, 'Kamond', 8469, 18),
(1433, 'Kamut', 5673, 3),
(1434, 'Kánó', 3735, 4),
(1435, 'Kántorjánosi', 4335, 15),
(1436, 'Kány', 3821, 4),
(1437, 'Kánya', 8667, 14),
(1438, 'Kányavár', 8956, 19),
(1439, 'Kapolcs', 8294, 18),
(1440, 'Kápolna', 3355, 9),
(1441, 'Kápolnásnyék', 2475, 6),
(1442, 'Kapoly', 8671, 14),
(1443, 'Kaposfő', 7523, 14),
(1444, 'Kaposgyarmat', 7473, 14),
(1445, 'Kaposhomok', 7261, 14),
(1446, 'Kaposkeresztúr', 7258, 14),
(1447, 'Kaposmérő', 7521, 14),
(1448, 'Kapospula', 7251, 16),
(1449, 'Kaposszekcső', 7361, 16),
(1450, 'Kaposszerdahely', 7476, 14),
(1451, 'Kaposújlak', 7522, 14),
(1452, 'Kaposvár', 7400, 14),
(1453, 'Káptalanfa', 8471, 18),
(1454, 'Káptalantóti', 8283, 18),
(1455, 'Kapuvár', 9339, 7),
(1456, 'Kapuvár', 9330, 7),
(1457, 'Kára', 7285, 14),
(1458, 'Karácsond', 3281, 9),
(1459, 'Karád', 8676, 14),
(1460, 'Karakó', 9547, 17),
(1461, 'Karakószörcsök', 8491, 18),
(1462, 'Karancsalja', 3181, 12),
(1463, 'Karancsberény', 3137, 12),
(1464, 'Karancskeszi', 3183, 12),
(1465, 'Karancslapujtő', 3182, 12),
(1466, 'Karancsság', 3163, 12),
(1467, 'Kárász', 7333, 2),
(1468, 'Karcag', 5300, 10),
(1469, 'Karcsa', 3963, 4),
(1470, 'Kardos', 5552, 3),
(1471, 'Kardoskút', 5945, 3),
(1472, 'Karmacs', 8354, 19),
(1473, 'Karos', 3962, 4),
(1474, 'Kartal', 2173, 13),
(1475, 'Kásád', 7827, 2),
(1476, 'Kaskantyú', 6211, 1),
(1477, 'Kastélyosdombó', 7977, 14),
(1478, 'Kaszaper', 5948, 3),
(1479, 'Kaszó', 7564, 14),
(1480, 'Katádfa', 7914, 2),
(1481, 'Katafa', 9915, 17),
(1482, 'Kátoly', 7661, 2),
(1483, 'Katymár', 6455, 1),
(1484, 'Káva', 2215, 13),
(1485, 'Kávás', 8994, 19),
(1486, 'Kazár', 3147, 12),
(1487, 'Kazár', 3127, 12),
(1488, 'Kazincbarcika', 3700, 4),
(1489, 'Kázsmárk', 3831, 4),
(1490, 'Kazsok', 7274, 14),
(1491, 'Kecel', 6237, 1),
(1492, 'Kecskéd', 2852, 11),
(1493, 'Kecskemét', 6044, 1),
(1494, 'Kecskemét', 6008, 1),
(1495, 'Kecskemét', 6000, 1),
(1496, 'Kehidakustány', 8784, 19),
(1497, 'Kék', 4515, 15),
(1498, 'Kékcse', 4494, 15),
(1499, 'Kéked', 3899, 4),
(1500, 'Kékesd', 7661, 2),
(1501, 'Kékkút', 8254, 18),
(1502, 'Kelebia', 6423, 1),
(1503, 'Keléd', 9549, 17),
(1504, 'Kelemér', 3728, 4),
(1505, 'Kéleshalom', 6444, 1),
(1506, 'Kelevíz', 8714, 14),
(1507, 'Kemecse', 4501, 15),
(1508, 'Kemence', 2638, 13),
(1509, 'Kemendollár', 8931, 19),
(1510, 'Kemeneshőgyész', 8516, 18),
(1511, 'Kemeneskápolna', 9553, 17),
(1512, 'Kemenesmagasi', 9522, 17),
(1513, 'Kemenesmihályfa', 9511, 17),
(1514, 'Kemenespálfa', 9544, 17),
(1515, 'Kemenessömjén', 9517, 17),
(1516, 'Kemenesszentmárton', 9521, 17),
(1517, 'Kemenesszentpéter', 8518, 18),
(1518, 'Keménfa', 8995, 19),
(1519, 'Kémes', 7843, 2),
(1520, 'Kemestaródfa', 9923, 17),
(1521, 'Kemse', 7839, 2),
(1522, 'Kenderes', 5349, 10),
(1523, 'Kenderes', 5331, 10),
(1524, 'Kenéz', 9752, 17),
(1525, 'Kenézlő', 3955, 4),
(1526, 'Kengyel', 5083, 10),
(1527, 'Kenyeri', 9514, 17),
(1528, 'Kercaszomor', 9945, 17),
(1529, 'Kercseliget', 7256, 14),
(1530, 'Kerecsend', 3396, 9),
(1531, 'Kerecseny', 8745, 19),
(1532, 'Kerekegyháza', 6041, 1),
(1533, 'Kereki', 8618, 14),
(1534, 'Kerékteleki', 2882, 11),
(1535, 'Kerepes', 2145, 13),
(1536, 'Kerepes', 2144, 13),
(1537, 'Keresztéte', 3821, 4),
(1538, 'Kerkabarabás', 8971, 19),
(1539, 'Kerkafalva', 8973, 19),
(1540, 'Kerkakutas', 8973, 19),
(1541, 'Kerkáskápolna', 9944, 17),
(1542, 'Kerkaszentkirály', 8874, 19),
(1543, 'Kerkateskánd', 8879, 19),
(1544, 'Kérsemjén', 4912, 15),
(1545, 'Kerta', 8492, 18),
(1546, 'Kertészsziget', 5526, 3),
(1547, 'Keszeg', 2616, 12),
(1548, 'Kesznyéten', 3579, 4),
(1549, 'Keszőhidegkút', 7062, 16),
(1550, 'Keszthely', 8360, 19),
(1551, 'Kesztölc', 2517, 11),
(1552, 'Keszü', 7668, 2),
(1553, 'Kétbodony', 2655, 12),
(1554, 'Kétegyháza', 5741, 3),
(1555, 'Kéthely', 8713, 14),
(1556, 'Kétpó', 5411, 10),
(1557, 'Kétsoprony', 5674, 3),
(1558, 'Kétújfalu', 7975, 2),
(1559, 'Kétvölgy', 9982, 17),
(1560, 'Kéty', 7174, 16),
(1561, 'Kevermes', 5744, 3),
(1562, 'Kilimán', 8774, 19),
(1563, 'Kimle', 9181, 7),
(1564, 'Kincsesbánya', 8044, 6),
(1565, 'Királd', 3657, 4),
(1566, 'Királyegyháza', 7953, 2),
(1567, 'Királyhegyes', 6911, 5),
(1568, 'Királyszentistván', 8195, 18),
(1569, 'Kisapáti', 8284, 18),
(1570, 'Kisapostag', 2428, 6),
(1571, 'Kisar', 4921, 15),
(1572, 'Kisasszond', 7523, 14),
(1573, 'Kisasszonyfa', 7954, 2),
(1574, 'Kisbabot', 9133, 7),
(1575, 'Kisbágyon', 3046, 12),
(1576, 'Kisbajcs', 9062, 7),
(1577, 'Kisbajom', 7542, 14),
(1578, 'Kisbárapáti', 7282, 14),
(1579, 'Kisbárkány', 3075, 12),
(1580, 'Kisbér', 2881, 11),
(1581, 'Kisbér', 2879, 11),
(1582, 'Kisbér', 2870, 11),
(1583, 'Kisberény', 8693, 14),
(1584, 'Kisberzseny', 8477, 18),
(1585, 'Kisbeszterce', 7391, 2),
(1586, 'Kisbodak', 9234, 7),
(1587, 'Kisbucsa', 8925, 19),
(1588, 'Kisbudmér', 7756, 2),
(1589, 'Kiscsécs', 3578, 4),
(1590, 'Kiscsehi', 8888, 19),
(1591, 'Kiscsősz', 8494, 18),
(1592, 'Kisdér', 7814, 2),
(1593, 'Kisdobsza', 7985, 2),
(1594, 'Kisdombegyház', 5837, 3),
(1595, 'Kisdorog', 7159, 16),
(1596, 'Kisecset', 2655, 12),
(1597, 'Kisfalud', 9341, 7),
(1598, 'Kisfüzes', 3256, 9),
(1599, 'Kisgörbő', 8356, 19),
(1600, 'Kisgyalán', 7279, 14),
(1601, 'Kisgyőr', 3556, 4),
(1602, 'Kishajmás', 7391, 2),
(1603, 'Kisharsány', 7800, 2),
(1604, 'Kishartyán', 3161, 12),
(1605, 'Kisherend', 7763, 2),
(1606, 'Kishódos', 4977, 15),
(1607, 'Kishuta', 3994, 4),
(1608, 'Kisigmánd', 2948, 11),
(1609, 'Kisjakabfalva', 7773, 2),
(1610, 'Kiskassa', 7766, 2),
(1611, 'Kiskinizs', 3843, 4),
(1612, 'Kisköre', 3384, 14),
(1613, 'Kiskőrös', 6200, 9),
(1614, 'Kiskorpád', 7524, 1),
(1615, 'Kiskunfélegyháza', 6100, 1),
(1616, 'Kiskunhalas', 6400, 1),
(1617, 'Kiskunlacháza', 2340, 13),
(1618, 'Kiskunmajsa', 6120, 1),
(1619, 'Kiskutas', 8911, 19),
(1620, 'Kisláng', 8156, 6),
(1621, 'Kisléta', 4325, 15),
(1622, 'Kislippó', 7775, 2),
(1623, 'Kislőd', 8446, 18),
(1624, 'Kismányok', 7356, 16),
(1625, 'Kismarja', 4126, 8),
(1626, 'Kismaros', 2623, 13),
(1627, 'Kisnamény', 4737, 15),
(1628, 'Kisnána', 3264, 9),
(1629, 'Kisnémedi', 2165, 13),
(1630, 'Kisnyárád', 7759, 2),
(1631, 'Kisoroszi', 2024, 13),
(1632, 'Kispalád', 4956, 15),
(1633, 'Kispáli', 8912, 19),
(1634, 'Kispirit', 8496, 18),
(1635, 'Kisrákos', 9936, 17),
(1636, 'Kisrécse', 8756, 19),
(1637, 'Kisrozvágy', 3965, 4),
(1638, 'Kissikátor', 3627, 4),
(1639, 'Kissomlyó', 9555, 17),
(1640, 'Kisszállás', 6421, 1),
(1641, 'Kisszékely', 7082, 16),
(1642, 'Kisszekeres', 4963, 15),
(1643, 'Kisszentmárton', 7841, 2),
(1644, 'Kissziget', 8957, 19),
(1645, 'Kisszőlős', 8483, 18),
(1646, 'Kistamási', 7981, 2),
(1647, 'Kistapolca', 7823, 2),
(1648, 'Kistarcsa', 2143, 13),
(1649, 'Kistelek', 6760, 5),
(1650, 'Kistokaj', 3553, 4),
(1651, 'Kistolmács', 8868, 19),
(1652, 'Kistormás', 7068, 16),
(1653, 'Kistótfalu', 7768, 2),
(1654, 'Kisújszállás', 5310, 10),
(1655, 'Kisunyom', 9772, 17),
(1656, 'Kisvárda', 4600, 15),
(1657, 'Kisvarsány', 4811, 15),
(1658, 'Kisvásárhely', 8341, 19),
(1659, 'Kisvaszar', 7381, 2),
(1660, 'Kisvejke', 7183, 16),
(1661, 'Kiszombor', 6775, 5),
(1662, 'Kiszsidány', 9733, 17),
(1663, 'Klárafalva', 6773, 5),
(1664, 'Köblény', 7334, 11),
(1665, 'Kocs', 2898, 13),
(1666, 'Kocsér', 2755, 16),
(1667, 'Köcsk', 9553, 15),
(1668, 'Kocsola', 7212, 13),
(1669, 'Kocsord', 4751, 8),
(1670, 'Kóka', 2243, 18),
(1671, 'Kokad', 4284, 8),
(1672, 'Kökény', 7668, 11),
(1673, 'Kőkút', 7530, 11),
(1674, 'Kölcse', 4965, 11),
(1675, 'Kölesd', 7052, 4),
(1676, 'Kölked', 7717, 2),
(1677, 'Kolontár', 8468, 2),
(1678, 'Komádi', 4138, 15),
(1679, 'Komárom', 2903, 14),
(1680, 'Komárom', 2921, 4),
(1681, 'Komárom', 2900, 15),
(1682, 'Komjáti', 3765, 9),
(1683, 'Komló', 7305, 4),
(1684, 'Komló', 7300, 17),
(1685, 'Kömlő', 3372, 3),
(1686, 'Kömlőd', 2853, 7),
(1687, 'Komlódtótfalu', 4765, 8),
(1688, 'Komlósd', 7582, 7),
(1689, 'Komlóska', 3937, 16),
(1690, 'Komoró', 4622, 4),
(1691, 'Kömörő', 4943, 7),
(1692, 'Kömpöc', 6134, 2),
(1693, 'Kompolt', 3356, 13),
(1694, 'Kondó', 3775, 13),
(1695, 'Kondorfa', 9943, 15),
(1696, 'Kondoros', 5553, 2),
(1697, 'Kóny', 9144, 2),
(1698, 'Konyár', 4133, 4),
(1699, 'Kópháza', 9495, 12),
(1700, 'Koppányszántó', 7094, 2),
(1701, 'Korlát', 3886, 19),
(1702, 'Körmend', 9909, 2),
(1703, 'Körmend', 9900, 17),
(1704, 'Környe', 2851, 2),
(1705, 'Köröm', 3577, 14),
(1706, 'Koroncó', 9113, 15),
(1707, 'Kórós', 7841, 16),
(1708, 'Kőröshegy', 8617, 2),
(1709, 'Körösladány', 5516, 9),
(1710, 'Körösnagyharsány', 5539, 11),
(1711, 'Körösszakál', 4136, 15),
(1712, 'Körösszegapáti', 4135, 1),
(1713, 'Köröstarcsa', 5622, 17),
(1714, 'Kőröstetétlen', 2745, 17),
(1715, 'Körösújfalu', 5536, 11),
(1716, 'Kosd', 2612, 4),
(1717, 'Kóspallag', 2625, 14),
(1718, 'Kőszárhegy', 8152, 3),
(1719, 'Kőszeg', 9730, 3),
(1720, 'Kőszegdoroszló', 9725, 3),
(1721, 'Kőszegpaty', 9739, 13),
(1722, 'Kőszegszerdahely', 9725, 3),
(1723, 'Kótaj', 4482, 8),
(1724, 'Kötcse', 8627, 8),
(1725, 'Kötegyán', 5725, 6),
(1726, 'Kőtelek', 5062, 17),
(1727, 'Kovácshida', 7847, 17),
(1728, 'Kovácsszénája', 7678, 17),
(1729, 'Kovácsvágás', 3992, 17),
(1730, 'Kővágóörs', 8254, 14),
(1731, 'Kővágószőlős', 7673, 3),
(1732, 'Kővágótőttős', 7675, 10),
(1733, 'Kövegy', 6912, 18),
(1734, 'Köveskál', 8274, 2),
(1735, 'Kozárd', 3053, 2),
(1736, 'Kozármisleny', 7761, 5),
(1737, 'Kozmadombja', 8988, 18),
(1738, 'Krasznokvajda', 3821, 4),
(1739, 'Kübekháza', 6755, 6),
(1740, 'Kulcs', 2458, 1),
(1741, 'Külsősárd', 8978, 3),
(1742, 'Külsővat', 9532, 1),
(1743, 'Kunadacs', 6097, 1),
(1744, 'Kunágota', 5746, 10),
(1745, 'Kunbaja', 6435, 1),
(1746, 'Kunbaracs', 6043, 10),
(1747, 'Kuncsorba', 5412, 10),
(1748, 'Kunfehértó', 6413, 1),
(1749, 'Küngös', 8162, 1),
(1750, 'Kunhegyes', 5340, 10),
(1751, 'Kunmadaras', 5321, 10),
(1752, 'Kunpeszér', 6096, 1),
(1753, 'Kunszállás', 6115, 7),
(1754, 'Kunszentmárton', 5449, 18),
(1755, 'Kunszentmárton', 5440, 4),
(1756, 'Kunszentmiklós', 6090, 16),
(1757, 'Kunsziget', 9184, 4),
(1758, 'Kup', 8595, 19),
(1759, 'Kupa', 3813, 14),
(1760, 'Kurd', 7226, 12),
(1761, 'Kurityán', 3732, 5),
(1762, 'Kustánszeg', 8919, 19),
(1763, 'Kutas', 7541, 18),
(1764, 'Kutasó', 3066, 18),
(1765, 'Lábatlan', 2541, 11),
(1766, 'Lábod', 7551, 14),
(1767, 'Lácacséke', 3967, 4),
(1768, 'Lad', 7535, 14),
(1769, 'Ladánybene', 6045, 1),
(1770, 'Ládbesenyő', 3780, 4),
(1771, 'Lajoskomárom', 8136, 6),
(1772, 'Lajosmizse', 6050, 1),
(1773, 'Lak', 3786, 4),
(1774, 'Lakhegy', 8913, 19),
(1775, 'Lakitelek', 6065, 1),
(1776, 'Lakócsa', 7918, 14),
(1777, 'Lánycsók', 7759, 2),
(1778, 'Lápafő', 7214, 16),
(1779, 'Lapáncsa', 7775, 2),
(1780, 'Laskod', 4543, 15),
(1781, 'Lasztonya', 8887, 19),
(1782, 'Látrány', 8681, 14),
(1783, 'Lázi', 9089, 7),
(1784, 'Leányfalu', 2016, 13),
(1785, 'Leányvár', 2518, 11),
(1786, 'Lébény', 9155, 7),
(1787, 'Legénd', 2619, 12),
(1788, 'Legyesbénye', 3904, 4),
(1789, 'Léh', 3832, 4),
(1790, 'Lénárddaróc', 3648, 4),
(1791, 'Lendvadedes', 8978, 19),
(1792, 'Lendvajakabfa', 8977, 19),
(1793, 'Lengyel', 7184, 16),
(1794, 'Lengyeltóti', 8693, 14),
(1795, 'Lenti', 8966, 19),
(1796, 'Lenti', 8960, 19),
(1797, 'Lepsény', 8132, 6),
(1798, 'Lesencefalu', 8318, 18),
(1799, 'Lesenceistvánd', 8319, 18),
(1800, 'Lesencetomaj', 8318, 18),
(1801, 'Létavértes', 4281, 8),
(1802, 'Létavértes', 4283, 8),
(1803, 'Letenye', 8868, 19),
(1804, 'Letkés', 2632, 13),
(1805, 'Levél', 9221, 7),
(1806, 'Levelek', 4555, 15),
(1807, 'Libickozma', 8707, 14),
(1808, 'Lickóvadamos', 8981, 19),
(1809, 'Liget', 7331, 2),
(1810, 'Ligetfalva', 8782, 19),
(1811, 'Lipót', 9233, 7),
(1812, 'Lippó', 7781, 2),
(1813, 'Liptód', 7757, 2),
(1814, 'Lispeszentadorján', 8888, 19),
(1815, 'Liszó', 8831, 19),
(1816, 'Litér', 8196, 18),
(1817, 'Litka', 3866, 4),
(1818, 'Litke', 3186, 12),
(1819, 'Lócs', 9634, 17),
(1820, 'Lőkösháza', 5743, 18),
(1821, 'Lókút', 8425, 15),
(1822, 'Lónya', 4836, 13),
(1823, 'Lórév', 2309, 2),
(1824, 'Lőrinci', 3022, 18),
(1825, 'Lőrinci', 3024, 6),
(1826, 'Lőrinci', 3021, 2),
(1827, 'Lothárd', 7761, 19);
INSERT INTO `varosok` (`id`, `varosneve`, `iranyitoszam`, `megye_id`) VALUES
(1828, 'Lovas', 8228, 18),
(1829, 'Lovasberény', 8093, 3),
(1830, 'Lovászhetény', 7720, 9),
(1831, 'Lovászi', 8878, 9),
(1832, 'Lovászpatona', 8553, 9),
(1833, 'Lövő', 9461, 7),
(1834, 'Lövőpetri', 4633, 15),
(1835, 'Lucfalva', 3129, 12),
(1836, 'Ludányhalászi', 3188, 12),
(1837, 'Ludas', 3274, 9),
(1838, 'Lukácsháza', 9724, 17),
(1839, 'Lulla', 8660, 14),
(1840, 'Lúzsok', 7838, 2),
(1841, 'Mád', 3909, 4),
(1842, 'Madaras', 6456, 1),
(1843, 'Madocsa', 7026, 16),
(1844, 'Maglóca', 9169, 7),
(1845, 'Maglód', 2234, 13),
(1846, 'Mágocs', 7342, 2),
(1847, 'Magosliget', 4953, 15),
(1848, 'Magy', 4556, 15),
(1849, 'Magyaralmás', 8071, 6),
(1850, 'Magyaratád', 7463, 14),
(1851, 'Magyarbánhegyes', 5667, 3),
(1852, 'Magyarbóly', 7775, 2),
(1853, 'Magyarcsanád', 6932, 5),
(1854, 'Magyardombegyház', 5838, 3),
(1855, 'Magyaregregy', 7332, 2),
(1856, 'Magyaregres', 7441, 14),
(1857, 'Magyarföld', 8973, 19),
(1858, 'Magyargéc', 3133, 12),
(1859, 'Magyargencs', 8517, 18),
(1860, 'Magyarhertelend', 7394, 2),
(1861, 'Magyarhomorog', 4137, 8),
(1862, 'Magyarkeresztúr', 9346, 7),
(1863, 'Magyarkeszi', 7098, 16),
(1864, 'Magyarlak', 9962, 17),
(1865, 'Magyarlukafa', 7925, 2),
(1866, 'Magyarmecske', 7954, 2),
(1867, 'Magyarnádalja', 9909, 17),
(1868, 'Magyarnándor', 2694, 12),
(1869, 'Magyarpolány', 8449, 18),
(1870, 'Magyarsarlós', 7761, 2),
(1871, 'Magyarszecsőd', 9912, 17),
(1872, 'Magyarszék', 7396, 2),
(1873, 'Magyarszentmiklós', 8776, 19),
(1874, 'Magyarszerdahely', 8776, 19),
(1875, 'Magyarszombatfa', 9946, 17),
(1876, 'Magyartelek', 7954, 2),
(1877, 'Majosháza', 2339, 13),
(1878, 'Majs', 7783, 2),
(1879, 'Makád', 2322, 13),
(1880, 'Makkoshotyka', 3959, 4),
(1881, 'Maklár', 3397, 9),
(1882, 'Makó', 6903, 5),
(1883, 'Makó', 6900, 5),
(1884, 'Malomsok', 8533, 18),
(1885, 'Mályi', 3434, 4),
(1886, 'Mályinka', 3645, 4),
(1887, 'Mánd', 4942, 15),
(1888, 'Mándok', 4644, 15),
(1889, 'Mánfa', 7304, 2),
(1890, 'Mány', 2065, 6),
(1891, 'Maráza', 7733, 2),
(1892, 'Marcalgergelyi', 9534, 18),
(1893, 'Marcali', 8714, 14),
(1894, 'Marcali', 8709, 14),
(1895, 'Marcali', 8700, 14),
(1896, 'Marcaltő', 8531, 18),
(1897, 'Marcaltő', 8532, 18),
(1898, 'Márfa', 7817, 2),
(1899, 'Máriahalom', 2527, 11),
(1900, 'Máriakálnok', 9231, 7),
(1901, 'Máriakéménd', 7663, 2),
(1902, 'Márianosztra', 2629, 13),
(1903, 'Máriapócs', 4326, 15),
(1904, 'Markaz', 3262, 9),
(1905, 'Márkháza', 3075, 12),
(1906, 'Márkó', 8441, 18),
(1907, 'Markóc', 7967, 2),
(1908, 'Markotabödöge', 9164, 7),
(1909, 'Maróc', 8888, 19),
(1910, 'Marócsa', 7960, 2),
(1911, 'Márok', 7774, 2),
(1912, 'Márokföld', 8976, 19),
(1913, 'Márokpapi', 4932, 15),
(1914, 'Maroslele', 6921, 5),
(1915, 'Mártély', 6636, 5),
(1916, 'Martfű', 5435, 10),
(1917, 'Martonfa', 7720, 2),
(1918, 'Martonvásár', 2462, 6),
(1919, 'Martonyi', 3755, 4),
(1920, 'Mátészalka', 4700, 15),
(1921, 'Mátételke', 6452, 1),
(1922, 'Mátraballa', 3247, 9),
(1923, 'Mátraderecske', 3246, 9),
(1924, 'Mátramindszent', 3155, 12),
(1925, 'Mátranovák', 3144, 12),
(1926, 'Mátranovák', 3143, 12),
(1927, 'Mátraszele', 3142, 12),
(1928, 'Mátraszentimre', 3234, 9),
(1929, 'Mátraszentimre', 3235, 9),
(1930, 'Mátraszőlős', 3068, 12),
(1931, 'Mátraterenye', 3145, 12),
(1932, 'Mátraterenye', 3146, 12),
(1933, 'Mátraverebély', 3077, 12),
(1934, 'Matty', 7854, 6),
(1935, 'Mátyásdomb', 8134, 2),
(1936, 'Mátyus', 4835, 15),
(1937, 'Máza', 7351, 2),
(1938, 'Mecseknádasd', 7695, 2),
(1939, 'Mecsekpölöske', 7300, 2),
(1940, 'Mecsér', 9176, 7),
(1941, 'Medgyesbodzás', 5664, 3),
(1942, 'Medgyesbodzás', 5663, 3),
(1943, 'Medgyesegyháza', 5752, 3),
(1944, 'Medgyesegyháza', 5666, 3),
(1945, 'Medina', 7057, 16),
(1946, 'Meggyeskovácsi', 9757, 17),
(1947, 'Megyaszó', 3718, 4),
(1948, 'Megyehid', 9754, 17),
(1949, 'Megyer', 8348, 18),
(1950, 'Méhkerék', 5726, 3),
(1951, 'Méhtelek', 4975, 15),
(1952, 'Mekényes', 7344, 2),
(1953, 'Mélykút', 6449, 1),
(1954, 'Mencshely', 8271, 18),
(1955, 'Mende', 2235, 13),
(1956, 'Méra', 3871, 4),
(1957, 'Merenye', 7981, 2),
(1958, 'Mérges', 9136, 7),
(1959, 'Mérk', 4352, 15),
(1960, 'Mernye', 7453, 14),
(1961, 'Mersevát', 9531, 17),
(1962, 'Mesterháza', 9662, 17),
(1963, 'Mesteri', 9551, 17),
(1964, 'Mesterszállás', 5452, 10),
(1965, 'Meszes', 3754, 4),
(1966, 'Meszlen', 9745, 17),
(1967, 'Mesztegnyő', 8716, 14),
(1968, 'Mezőberény', 5650, 3),
(1969, 'Mezőcsát', 3450, 4),
(1970, 'Mezőcsokonya', 7434, 14),
(1971, 'Meződ', 7370, 2),
(1972, 'Mezőfalva', 2422, 6),
(1973, 'Mezőgyán', 5732, 3),
(1974, 'Mezőhegyes', 5820, 3),
(1975, 'Mezőhék', 5453, 10),
(1976, 'Mezőkeresztes', 3441, 4),
(1977, 'Mezőkomárom', 8137, 6),
(1978, 'Mezőkovácsháza', 5800, 3),
(1979, 'Mezőkövesd', 3400, 4),
(1980, 'Mezőladány', 4641, 15),
(1981, 'Mezőlak', 8514, 18),
(1982, 'Mezőnagymihály', 3443, 4),
(1983, 'Mezőnyárád', 3421, 4),
(1984, 'Mezőörs', 9098, 7),
(1985, 'Mezőörs', 9097, 7),
(1986, 'Mezőpeterd', 4118, 8),
(1987, 'Mezősas', 4134, 8),
(1988, 'Mezőszemere', 3378, 9),
(1989, 'Mezőszentgyörgy', 8133, 6),
(1990, 'Mezőszilas', 7017, 6),
(1991, 'Mezőtárkány', 3375, 9),
(1992, 'Mezőtúr', 5400, 10),
(1993, 'Mezőzombor', 3931, 4),
(1994, 'Miháld', 8825, 19),
(1995, 'Mihályfa', 8341, 19),
(1996, 'Mihálygerge', 3184, 12),
(1997, 'Mihályháza', 8513, 18),
(1998, 'Mihályi', 9342, 7),
(1999, 'Mike', 7512, 14),
(2000, 'Mikebuda', 2736, 13),
(2001, 'Mikekarácsonyfa', 8949, 19),
(2002, 'Mikepércs', 4271, 8),
(2003, 'Miklósi', 7286, 14),
(2004, 'Mikófalva', 3344, 9),
(2005, 'Mikóháza', 3989, 4),
(2006, 'Mikosszéplak', 9835, 17),
(2007, 'Milejszeg', 8917, 19),
(2008, 'Milota', 4948, 15),
(2009, 'Mindszent', 6630, 5),
(2010, 'Mindszentgodisa', 7391, 2),
(2011, 'Mindszentkálla', 8282, 18),
(2012, 'Misefa', 8935, 19),
(2013, 'Miske', 6343, 1),
(2014, 'Miskolc', 3510, 4),
(2015, 'Miskolc', 3515, 4),
(2016, 'Miskolc', 3516, 4),
(2017, 'Miskolc', 3508, 4),
(2018, 'Miskolc', 3517, 4),
(2019, 'Miskolc', 3518, 4),
(2020, 'Miskolc', 3521, 4),
(2021, 'Miskolc', 3519, 4),
(2022, 'Miskolc', 3500, 4),
(2023, 'Miskolc', 3501, 4),
(2024, 'Miskolc', 3524, 4),
(2025, 'Miskolc', 3525, 4),
(2026, 'Miskolc', 3526, 4),
(2027, 'Miskolc', 3527, 4),
(2028, 'Miskolc', 3528, 4),
(2029, 'Miskolc', 3529, 4),
(2030, 'Miskolc', 3530, 4),
(2031, 'Miskolc', 3531, 4),
(2032, 'Miskolc', 3532, 4),
(2033, 'Miskolc', 3533, 4),
(2034, 'Miskolc', 3534, 4),
(2035, 'Miskolc', 3535, 4),
(2036, 'Miszla', 7065, 16),
(2037, 'Mocsa', 2911, 11),
(2038, 'Mőcsény', 7163, 13),
(2039, 'Mogyoród', 2146, 11),
(2040, 'Mogyorósbánya', 2535, 4),
(2041, 'Mogyoróska', 3893, 6),
(2042, 'Moha', 8042, 2),
(2043, 'Mohács', 7715, 2),
(2044, 'Mohács', 7714, 2),
(2045, 'Mohács', 7700, 12),
(2046, 'Mohora', 2698, 19),
(2047, 'Molnári', 8863, 17),
(2048, 'Molnaszecsőd', 9912, 2),
(2049, 'Molvány', 7981, 4),
(2050, 'Monaj', 3812, 4),
(2051, 'Monok', 3905, 13),
(2052, 'Monor', 2213, 13),
(2053, 'Monor', 2200, 9),
(2054, 'Mónosbél', 3345, 18),
(2055, 'Monostorapáti', 8296, 8),
(2056, 'Monostorpályi', 4275, 18),
(2057, 'Monoszló', 8273, 2),
(2058, 'Monyoród', 7751, 6),
(2059, 'Mór', 8060, 16),
(2060, 'Mórágy', 7165, 5),
(2061, 'Mórahalom', 6782, 1),
(2062, 'Móricgát', 6132, 7),
(2063, 'Mórichida', 9131, 14),
(2064, 'Mosdós', 7257, 7),
(2065, 'Mosonmagyaróvár', 9200, 7),
(2066, 'Mosonszentmiklós', 9183, 7),
(2067, 'Mosonszentmiklós', 9154, 7),
(2068, 'Mosonszolnok', 9245, 2),
(2069, 'Mozsgó', 7932, 16),
(2070, 'Mucsfa', 7185, 16),
(2071, 'Mucsi', 7195, 16),
(2072, 'Múcsony', 3744, 4),
(2073, 'Muhi', 3552, 4),
(2074, 'Murakeresztúr', 8834, 19),
(2075, 'Murarátka', 8868, 19),
(2076, 'Muraszemenye', 8872, 19),
(2077, 'Murga', 7176, 16),
(2078, 'Murony', 5672, 3),
(2079, 'Nábrád', 4911, 15),
(2080, 'Nadap', 8097, 6),
(2081, 'Nádasd', 9915, 17),
(2082, 'Nádasdladány', 8145, 6),
(2083, 'Nádudvar', 4181, 8),
(2084, 'Nágocs', 8674, 14),
(2085, 'Nagyacsád', 8521, 18),
(2086, 'Nagyalásony', 8484, 18),
(2087, 'Nagyar', 4922, 15),
(2088, 'Nagyatád', 7500, 14),
(2089, 'Nagybajcs', 9063, 7),
(2090, 'Nagybajom', 7561, 14),
(2091, 'Nagybakónak', 8821, 19),
(2092, 'Nagybánhegyes', 5668, 3),
(2093, 'Nagybaracska', 6527, 1),
(2094, 'Nagybarca', 3641, 4),
(2095, 'Nagybárkány', 3075, 12),
(2096, 'Nagyberény', 8656, 14),
(2097, 'Nagyberki', 7255, 14),
(2098, 'Nagybörzsöny', 2634, 13),
(2099, 'Nagybudmér', 7756, 2),
(2100, 'Nagycenk', 9485, 7),
(2101, 'Nagycsány', 7838, 2),
(2102, 'Nagycsécs', 3598, 4),
(2103, 'Nagycsepely', 8628, 14),
(2104, 'Nagycserkesz', 4445, 15),
(2105, 'Nagydém', 8554, 18),
(2106, 'Nagydobos', 4823, 15),
(2107, 'Nagydobsza', 7985, 2),
(2108, 'Nagydorog', 7044, 16),
(2109, 'Nagyecsed', 4355, 15),
(2110, 'Nagyér', 6917, 5),
(2111, 'Nagyesztergár', 8415, 18),
(2112, 'Nagyfüged', 3282, 9),
(2113, 'Nagygeresd', 9664, 17),
(2114, 'Nagygörbő', 8356, 19),
(2115, 'Nagygyimót', 8551, 18),
(2116, 'Nagyhajmás', 7343, 2),
(2117, 'Nagyhalász', 4485, 15),
(2118, 'Nagyharsány', 7822, 2),
(2119, 'Nagyhegyes', 4064, 8),
(2120, 'Nagyhódos', 4977, 15),
(2121, 'Nagyhuta', 3994, 4),
(2122, 'Nagyigmánd', 2942, 11),
(2123, 'Nagyiván', 5363, 10),
(2124, 'Nagykálló', 4320, 15),
(2125, 'Nagykamarás', 5751, 3),
(2126, 'Nagykanizsa', 8831, 19),
(2127, 'Nagykanizsa', 8808, 19),
(2128, 'Nagykanizsa', 8809, 19),
(2129, 'Nagykanizsa', 8800, 19),
(2130, 'Nagykapornak', 8935, 19),
(2131, 'Nagykarácsony', 2425, 6),
(2132, 'Nagykáta', 2760, 13),
(2133, 'Nagykereki', 4127, 8),
(2134, 'Nagykeresztúr', 3129, 12),
(2135, 'Nagykinizs', 3844, 4),
(2136, 'Nagykökényes', 3012, 16),
(2137, 'Nagykölked', 9784, 14),
(2138, 'Nagykónyi', 7092, 13),
(2139, 'Nagykőrös', 2750, 2),
(2140, 'Nagykorpád', 7545, 9),
(2141, 'Nagykörű', 5065, 17),
(2142, 'Nagykovácsi', 2094, 13),
(2143, 'Nagykozár', 7741, 10),
(2144, 'Nagykutas', 8911, 19),
(2145, 'Nagylak', 6933, 5),
(2146, 'Nagylengyel', 8983, 19),
(2147, 'Nagylóc', 3175, 12),
(2148, 'Nagylók', 2435, 6),
(2149, 'Nagylózs', 9482, 7),
(2150, 'Nagymágocs', 6622, 5),
(2151, 'Nagymányok', 7355, 16),
(2152, 'Nagymaros', 2626, 13),
(2153, 'Nagymizdó', 9913, 17),
(2154, 'Nagynyárád', 7784, 2),
(2155, 'Nagyoroszi', 2645, 12),
(2156, 'Nagypáli', 8912, 19),
(2157, 'Nagypall', 7731, 2),
(2158, 'Nagypeterd', 7912, 2),
(2159, 'Nagypirit', 8496, 18),
(2160, 'Nagyrábé', 4173, 8),
(2161, 'Nagyrada', 8746, 19),
(2162, 'Nagyrákos', 9938, 17),
(2163, 'Nagyrécse', 8756, 19),
(2164, 'Nagyréde', 3214, 9),
(2165, 'Nagyrév', 5463, 10),
(2166, 'Nagyrozvágy', 3965, 4),
(2167, 'Nagysáp', 2524, 11),
(2168, 'Nagysimonyi', 9561, 17),
(2169, 'Nagyszakácsi', 8739, 14),
(2170, 'Nagyszékely', 7085, 16),
(2171, 'Nagyszekeres', 4962, 15),
(2172, 'Nagyszénás', 5931, 3),
(2173, 'Nagyszentjános', 9072, 7),
(2174, 'Nagyszokoly', 7097, 16),
(2175, 'Nagytálya', 3398, 9),
(2176, 'Nagytarcsa', 2142, 13),
(2177, 'Nagytevel', 8562, 18),
(2178, 'Nagytilaj', 9832, 17),
(2179, 'Nagytőke', 6612, 2),
(2180, 'Nagytótfalu', 7800, 5),
(2181, 'Nagyút', 3357, 9),
(2182, 'Nagyvarsány', 4812, 15),
(2183, 'Nagyváty', 7912, 2),
(2184, 'Nagyvázsony', 8291, 18),
(2185, 'Nagyvejke', 7186, 16),
(2186, 'Nagyveleg', 8065, 6),
(2187, 'Nagyvenyim', 2421, 6),
(2188, 'Nagyvisnyó', 3349, 9),
(2189, 'Nak', 7215, 16),
(2190, 'Napkor', 4552, 15),
(2191, 'Nárai', 9797, 17),
(2192, 'Narda', 9793, 17),
(2193, 'Naszály', 2899, 11),
(2194, 'Négyes', 3463, 4),
(2195, 'Nekézseny', 3646, 4),
(2196, 'Nemesapáti', 8923, 19),
(2197, 'Nemesbikk', 3592, 4),
(2198, 'Nemesbőd', 9749, 15),
(2199, 'Nemesborzova', 4942, 17),
(2200, 'Nemesbük', 8371, 19),
(2201, 'Nemescsó', 9739, 17),
(2202, 'Nemesdéd', 8722, 14),
(2203, 'Nemesgörzsöny', 8522, 18),
(2204, 'Nemesgulács', 8284, 18),
(2205, 'Nemeshany', 8471, 18),
(2206, 'Nemeshetés', 8925, 19),
(2207, 'Nemeske', 7981, 2),
(2208, 'Nemeskér', 9471, 7),
(2209, 'Nemeskeresztúr', 9548, 17),
(2210, 'Nemeskisfalud', 8717, 14),
(2211, 'Nemeskocs', 9542, 17),
(2212, 'Nemeskolta', 9775, 17),
(2213, 'Nemesládony', 9663, 17),
(2214, 'Nemesmedves', 9953, 17),
(2215, 'Nemesnádudvar', 6345, 1),
(2216, 'Nemesnép', 8976, 19),
(2217, 'Nemespátró', 8856, 19),
(2218, 'Nemesrádó', 8915, 19),
(2219, 'Nemesrempehollós', 9782, 17),
(2220, 'Nemessándorháza', 8925, 19),
(2221, 'Nemesszalók', 9533, 18),
(2222, 'Nemesszentandrás', 8925, 19),
(2223, 'Nemesvámos', 8248, 18),
(2224, 'Nemesvid', 8738, 14),
(2225, 'Nemesvita', 8311, 18),
(2226, 'Németbánya', 8581, 18),
(2227, 'Németfalu', 8918, 19),
(2228, 'Németkér', 7039, 16),
(2229, 'Nemti', 3152, 12),
(2230, 'Neszmély', 2544, 11),
(2231, 'Nézsa', 2618, 12),
(2232, 'Nick', 9652, 17),
(2233, 'Nikla', 8706, 14),
(2234, 'Nógrád', 2642, 12),
(2235, 'Nógrádkövesd', 2691, 12),
(2236, 'Nógrádmarcal', 2675, 12),
(2237, 'Nógrádmegyer', 3132, 12),
(2238, 'Nógrádsáp', 2685, 12),
(2239, 'Nógrádsipek', 3179, 12),
(2240, 'Nógrádszakál', 3187, 12),
(2241, 'Nóráp', 8591, 18),
(2242, 'Noszlop', 8456, 18),
(2243, 'Noszvaj', 3325, 9),
(2244, 'Nőtincs', 2610, 19),
(2245, 'Nova', 8948, 9),
(2246, 'Novaj', 3327, 4),
(2247, 'Novajidrány', 3872, 12),
(2248, 'Nyalka', 9096, 7),
(2249, 'Nyárád', 8512, 18),
(2250, 'Nyáregyháza', 2723, 13),
(2251, 'Nyárlőrinc', 6032, 1),
(2252, 'Nyársapát', 2712, 13),
(2253, 'Nyékládháza', 3433, 4),
(2254, 'Nyergesújfalu', 2537, 11),
(2255, 'Nyergesújfalu', 2536, 11),
(2256, 'Nyésta', 3809, 4),
(2257, 'Nyim', 8612, 14),
(2258, 'Nyírábrány', 4264, 8),
(2259, 'Nyíracsád', 4262, 8),
(2260, 'Nyirád', 8454, 18),
(2261, 'Nyíradony', 4253, 8),
(2262, 'Nyíradony', 4252, 8),
(2263, 'Nyíradony', 4254, 8),
(2264, 'Nyírbátor', 4300, 15),
(2265, 'Nyírbéltek', 4372, 15),
(2266, 'Nyírbogát', 4361, 15),
(2267, 'Nyírbogdány', 4511, 15),
(2268, 'Nyírcsaholy', 4356, 15),
(2269, 'Nyírcsászári', 4331, 15),
(2270, 'Nyírderzs', 4332, 15),
(2271, 'Nyíregyháza', 4405, 15),
(2272, 'Nyíregyháza', 4246, 15),
(2273, 'Nyíregyháza', 4433, 15),
(2274, 'Nyíregyháza', 4412, 15),
(2275, 'Nyíregyháza', 4432, 15),
(2276, 'Nyíregyháza', 4551, 15),
(2277, 'Nyíregyháza', 4431, 15),
(2278, 'Nyíregyháza', 4481, 15),
(2279, 'Nyíregyháza', 4400, 15),
(2280, 'Nyírgelse', 4362, 15),
(2281, 'Nyírgyulaj', 4311, 15),
(2282, 'Nyíri', 3997, 4),
(2283, 'Nyíribrony', 4535, 15),
(2284, 'Nyírjákó', 4541, 15),
(2285, 'Nyírkarász', 4544, 15),
(2286, 'Nyírkáta', 4333, 15),
(2287, 'Nyírkércs', 4537, 15),
(2288, 'Nyírlövő', 4632, 15),
(2289, 'Nyírlugos', 4371, 15),
(2290, 'Nyírmada', 4564, 15),
(2291, 'Nyírmártonfalva', 4263, 8),
(2292, 'Nyírmeggyes', 4722, 15),
(2293, 'Nyírmihálydi', 4363, 15),
(2294, 'Nyírparasznya', 4822, 15),
(2295, 'Nyírpazony', 4531, 15),
(2296, 'Nyírpilis', 4376, 15),
(2297, 'Nyírtass', 4522, 15),
(2298, 'Nyírtelek', 4461, 15),
(2299, 'Nyírtét', 4554, 15),
(2300, 'Nyírtura', 4532, 15),
(2301, 'Nyírvasvári', 4341, 15),
(2302, 'Nyőgér', 9682, 4),
(2303, 'Nyomár', 3795, 17),
(2304, 'Nyugotszenterzsébet', 7912, 2),
(2305, 'Nyúl', 9082, 7),
(2306, 'Óbánya', 7695, 2),
(2307, 'Óbarok', 2063, 6),
(2308, 'Óbudavár', 8272, 18),
(2309, 'Öcs', 8292, 13),
(2310, 'Ócsa', 2364, 2),
(2311, 'Ócsárd', 7814, 2),
(2312, 'Őcsény', 7143, 15),
(2313, 'Öcsöd', 5451, 5),
(2314, 'Ófalu', 7695, 19),
(2315, 'Ófehértó', 4558, 3),
(2316, 'Óföldeák', 6923, 2),
(2317, 'Óhid', 8342, 2),
(2318, 'Okány', 5534, 2),
(2319, 'Okorág', 7957, 17),
(2320, 'Ököritófülpös', 4755, 18),
(2321, 'Okorvölgy', 7681, 4),
(2322, 'Olasz', 7745, 15),
(2323, 'Olaszfa', 9824, 15),
(2324, 'Olaszfalu', 8414, 2),
(2325, 'Olaszliszka', 3933, 17),
(2326, 'Ölbő', 9621, 19),
(2327, 'Olcsva', 4826, 4),
(2328, 'Olcsvaapáti', 4914, 4),
(2329, 'Old', 7824, 15),
(2330, 'Ólmod', 9733, 5),
(2331, 'Oltárc', 8886, 19),
(2332, 'Ömböly', 4373, 14),
(2333, 'Onga', 3562, 14),
(2334, 'Ónod', 3551, 1),
(2335, 'Ópályi', 4821, 17),
(2336, 'Ópusztaszer', 6767, 2),
(2337, 'Őr', 4336, 1),
(2338, 'Orbányosfa', 8935, 19),
(2339, 'Őrbottyán', 2162, 4),
(2340, 'Orci', 7400, 3),
(2341, 'Ordacsehi', 8635, 3),
(2342, 'Ordas', 6335, 3),
(2343, 'Öregcsertő', 6311, 3),
(2344, 'Öreglak', 8697, 18),
(2345, 'Orfalu', 9982, 11),
(2346, 'Orfű', 7677, 2),
(2347, 'Orgovány', 6077, 19),
(2348, 'Őrhalom', 2671, 19),
(2349, 'Őrimagyarósd', 9933, 7),
(2350, 'Őriszentpéter', 9941, 17),
(2351, 'Örkény', 2377, 9),
(2352, 'Ormándlak', 8983, 17),
(2353, 'Örményes', 5222, 4),
(2354, 'Örménykút', 5556, 14),
(2355, 'Ormosbánya', 3743, 4),
(2356, 'Orosháza', 5904, 4),
(2357, 'Orosháza', 5903, 4),
(2358, 'Orosháza', 5905, 4),
(2359, 'Orosháza', 5900, 4),
(2360, 'Oroszi', 8458, 4),
(2361, 'Oroszlány', 2840, 4),
(2362, 'Oroszló', 7370, 4),
(2363, 'Orosztony', 8744, 2),
(2364, 'Ortaháza', 8954, 19),
(2365, 'Őrtilos', 8854, 16),
(2366, 'Örvényes', 8242, 18),
(2367, 'Ősagárd', 2610, 16),
(2368, 'Ősi', 8161, 10),
(2369, 'Öskü', 8191, 15),
(2370, 'Osli', 9354, 17),
(2371, 'Ostffyasszonyfa', 9512, 15),
(2372, 'Ostoros', 3326, 15),
(2373, 'Oszkó', 9825, 13),
(2374, 'Oszlár', 3591, 1),
(2375, 'Osztopán', 7444, 14),
(2376, 'Öttevény', 9153, 12),
(2377, 'Öttömös', 6784, 17),
(2378, 'Ötvöskónyi', 7511, 17),
(2379, 'Ózd', 3604, 13),
(2380, 'Ózd', 3651, 10),
(2381, 'Ózd', 3661, 3),
(2382, 'Ózd', 3603, 14),
(2383, 'Ózd', 3662, 18),
(2384, 'Ózd', 3625, 12),
(2385, 'Ózd', 3621, 18),
(2386, 'Ózd', 3600, 18),
(2387, 'Ózdfalu', 7836, 7),
(2388, 'Ozmánbük', 8998, 5),
(2389, 'Ozora', 7086, 14),
(2390, 'Pácin', 3964, 4),
(2391, 'Pacsa', 8761, 19),
(2392, 'Pácsony', 9823, 17),
(2393, 'Padár', 8935, 19),
(2394, 'Páhi', 6075, 1),
(2395, 'Páka', 8956, 19),
(2396, 'Pakod', 8799, 19),
(2397, 'Pákozd', 8095, 6),
(2398, 'Paks', 7027, 16),
(2399, 'Paks', 7030, 16),
(2400, 'Palé', 7370, 2),
(2401, 'Pálfa', 7042, 16),
(2402, 'Pálfiszeg', 8990, 19),
(2403, 'Pálháza', 3994, 4),
(2404, 'Páli', 9345, 7),
(2405, 'Palkonya', 7771, 2),
(2406, 'Pálmajor', 7561, 14),
(2407, 'Pálmonostora', 6112, 1),
(2408, 'Palotabozsok', 7727, 2),
(2409, 'Palotás', 3042, 12),
(2410, 'Paloznak', 8229, 18),
(2411, 'Pamlény', 3821, 4),
(2412, 'Pamuk', 8698, 14),
(2413, 'Pánd', 2214, 13),
(2414, 'Pankasz', 9937, 17),
(2415, 'Pannonhalma', 9090, 7),
(2416, 'Pányok', 3898, 4),
(2417, 'Panyola', 4913, 15),
(2418, 'Pap', 4631, 15),
(2419, 'Pápa', 8511, 18),
(2420, 'Pápa', 8591, 18),
(2421, 'Pápa', 8598, 18),
(2422, 'Pápa', 8500, 18),
(2423, 'Pápadereske', 8593, 18),
(2424, 'Pápakovácsi', 8596, 18),
(2425, 'Pápasalamon', 8594, 18),
(2426, 'Pápateszér', 8556, 18),
(2427, 'Papkeszi', 8183, 18),
(2428, 'Pápoc', 9515, 17),
(2429, 'Papos', 4338, 15),
(2430, 'Páprád', 7838, 2),
(2431, 'Parád', 3244, 9),
(2432, 'Parád', 3240, 9),
(2433, 'Parádsasvár', 3242, 9),
(2434, 'Parasznya', 3777, 4),
(2435, 'Paszab', 4475, 15),
(2436, 'Pásztó', 3065, 12),
(2437, 'Pásztó', 3082, 12),
(2438, 'Pásztó', 3060, 12),
(2439, 'Pásztori', 9311, 7),
(2440, 'Pat', 8825, 19),
(2441, 'Patak', 2648, 12),
(2442, 'Patalom', 7463, 14),
(2443, 'Patapoklosi', 7923, 2),
(2444, 'Patca', 7477, 14),
(2445, 'Pátka', 8092, 6),
(2446, 'Patosfa', 7536, 14),
(2447, 'Pátroha', 4523, 15),
(2448, 'Patvarc', 2668, 12),
(2449, 'Páty', 2071, 13),
(2450, 'Pátyod', 4766, 15),
(2451, 'Pázmánd', 2476, 6),
(2452, 'Pázmándfalu', 9085, 7),
(2453, 'Pécel', 2119, 13),
(2454, 'Pecöl', 9754, 17),
(2455, 'Pécs', 7693, 2),
(2456, 'Pécs', 7691, 2),
(2457, 'Pécs', 7600, 2),
(2458, 'Pécs', 7621, 2),
(2459, 'Pécs', 7622, 2),
(2460, 'Pécs', 7623, 2),
(2461, 'Pécs', 7624, 2),
(2462, 'Pécs', 7625, 2),
(2463, 'Pécs', 7626, 2),
(2464, 'Pécs', 7627, 2),
(2465, 'Pécs', 7628, 2),
(2466, 'Pécs', 7629, 2),
(2467, 'Pécs', 7630, 2),
(2468, 'Pécs', 7631, 2),
(2469, 'Pécs', 7632, 2),
(2470, 'Pécs', 7633, 2),
(2471, 'Pécs', 7634, 2),
(2472, 'Pécs', 7635, 2),
(2473, 'Pécs', 7636, 2),
(2474, 'Pécsbagota', 7951, 2),
(2475, 'Pécsdevecser', 7766, 2),
(2476, 'Pécsely', 8245, 18),
(2477, 'Pécsudvard', 7762, 2),
(2478, 'Pécsvárad', 7720, 2),
(2479, 'Pellérd', 7831, 2),
(2480, 'Pély', 3381, 9),
(2481, 'Penc', 2614, 13),
(2482, 'Penészlek', 4267, 15),
(2483, 'Penyige', 4941, 18),
(2484, 'Pénzesgyőr', 8426, 15),
(2485, 'Pér', 9099, 7),
(2486, 'Perbál', 2074, 13),
(2487, 'Pere', 3853, 4),
(2488, 'Perecse', 3821, 4),
(2489, 'Pereked', 7664, 2),
(2490, 'Perenye', 9722, 17),
(2491, 'Peresznye', 9734, 17),
(2492, 'Pereszteg', 9484, 7),
(2493, 'Perkáta', 2431, 6),
(2494, 'Perkupa', 3756, 4),
(2495, 'Perőcsény', 2637, 13),
(2496, 'Peterd', 7766, 2),
(2497, 'Péterhida', 7582, 14),
(2498, 'Péteri', 2209, 13),
(2499, 'Pétervására', 3250, 9),
(2500, 'Pétfürdő', 8105, 18),
(2501, 'Pethőhenye', 8921, 19),
(2502, 'Petneháza', 4542, 15),
(2503, 'Petőfibánya', 3023, 9),
(2504, 'Petőfiszállás', 6113, 1),
(2505, 'Petőháza', 9443, 7),
(2506, 'Petőmihályfa', 9826, 17),
(2507, 'Petrikeresztúr', 8984, 19),
(2508, 'Petrivente', 8866, 19),
(2509, 'Pettend', 7980, 2),
(2510, 'Piliny', 3134, 12),
(2511, 'Pilis', 2721, 13),
(2512, 'Pilisborosjenő', 2097, 13),
(2513, 'Piliscsaba', 2087, 13),
(2514, 'Piliscsaba', 2081, 13),
(2515, 'Piliscsév', 2519, 11),
(2516, 'Pilisjászfalu', 2080, 13),
(2517, 'Pilismarót', 2028, 11),
(2518, 'Pilisszántó', 2095, 13),
(2519, 'Pilisszentiván', 2084, 13),
(2520, 'Pilisszentkereszt', 2099, 13),
(2521, 'Pilisszentkereszt', 2098, 13),
(2522, 'Pilisszentlászló', 2009, 13),
(2523, 'Pilisvörösvár', 2085, 13),
(2524, 'Pincehely', 7084, 16),
(2525, 'Pinkamindszent', 9922, 17),
(2526, 'Pinnye', 9481, 7),
(2527, 'Piricse', 4375, 15),
(2528, 'Pirtó', 6414, 1),
(2529, 'Piskó', 7838, 2),
(2530, 'Pitvaros', 6914, 5),
(2531, 'Pócsa', 7756, 2),
(2532, 'Pocsaj', 4125, 8),
(2533, 'Pócsmegyer', 2017, 13),
(2534, 'Pócspetri', 4327, 15),
(2535, 'Pogány', 7666, 2),
(2536, 'Pogányszentpéter', 8728, 14),
(2537, 'Pókaszepetk', 8932, 19),
(2538, 'Polány', 7458, 14),
(2539, 'Polgár', 4090, 8),
(2540, 'Polgárdi', 8153, 6),
(2541, 'Polgárdi', 8155, 6),
(2542, 'Polgárdi', 8154, 6),
(2543, 'Pölöske', 8929, 13),
(2544, 'Pölöskefő', 8773, 15),
(2545, 'Pomáz', 2013, 17),
(2546, 'Pörböly', 7142, 9),
(2547, 'Porcsalma', 4761, 17),
(2548, 'Pördefölde', 8956, 14),
(2549, 'Pornóapáti', 9796, 14),
(2550, 'Poroszló', 3388, 14),
(2551, 'Porpác', 9612, 19),
(2552, 'Porrog', 8858, 18),
(2553, 'Porrogszentkirály', 8858, 17),
(2554, 'Porrogszentpál', 8858, 14),
(2555, 'Pórszombat', 8986, 7),
(2556, 'Porva', 8429, 19),
(2557, 'Pósfa', 9636, 19),
(2558, 'Potony', 7977, 16),
(2559, 'Pötréte', 8767, 19),
(2560, 'Potyond', 9324, 19),
(2561, 'Prügy', 3925, 4),
(2562, 'Pula', 8291, 18),
(2563, 'Püski', 9235, 19),
(2564, 'Püspökhatvan', 2682, 12),
(2565, 'Püspökladány', 4150, 7),
(2566, 'Püspökmolnári', 9776, 17),
(2567, 'Püspökszilágy', 2166, 15),
(2568, 'Pusztaapáti', 8986, 19),
(2569, 'Pusztaberki', 2658, 4),
(2570, 'Pusztacsalád', 9373, 3),
(2571, 'Pusztacsó', 9739, 16),
(2572, 'Pusztadobos', 4565, 14),
(2573, 'Pusztaederics', 8946, 19),
(2574, 'Pusztafalu', 3995, 5),
(2575, 'Pusztaföldvár', 5919, 18),
(2576, 'Pusztahencse', 7038, 10),
(2577, 'Pusztakovácsi', 8707, 3),
(2578, 'Pusztamagyaród', 8895, 4),
(2579, 'Pusztamérges', 6785, 6),
(2580, 'Pusztamiske', 8455, 14),
(2581, 'Pusztamonostor', 5125, 19),
(2582, 'Pusztaottlaka', 5665, 5),
(2583, 'Pusztaradvány', 3874, 13),
(2584, 'Pusztaszabolcs', 2490, 6),
(2585, 'Pusztaszemes', 8619, 13),
(2586, 'Pusztaszentlászló', 8896, 4),
(2587, 'Pusztaszer', 6769, 7),
(2588, 'Pusztavacs', 2378, 13),
(2589, 'Pusztavám', 8066, 8),
(2590, 'Pusztazámor', 2039, 17),
(2591, 'Putnok', 3630, 13),
(2592, 'Rábacsanak', 9313, 7),
(2593, 'Rábacsécsény', 9136, 7),
(2594, 'Rábagyarmat', 9961, 17),
(2595, 'Rábahidvég', 9777, 17),
(2596, 'Rábakecöl', 9344, 7),
(2597, 'Rábapatona', 9142, 7),
(2598, 'Rábapaty', 9641, 17),
(2599, 'Rábapordány', 9146, 7),
(2600, 'Rábasebes', 9327, 7),
(2601, 'Rábaszentandrás', 9316, 7),
(2602, 'Rábaszentmihály', 9135, 7),
(2603, 'Rábaszentmiklós', 9133, 7),
(2604, 'Rábatamási', 9322, 7),
(2605, 'Rábatöttös', 9766, 17),
(2606, 'Rábcakapi', 9165, 7),
(2607, 'Rácalmás', 2459, 6),
(2608, 'Ráckeresztúr', 2465, 6),
(2609, 'Ráckeve', 2300, 13),
(2610, 'Rád', 2613, 13),
(2611, 'Rádfalva', 7817, 2),
(2612, 'Rádóckölked', 9784, 17),
(2613, 'Radostyán', 3776, 4),
(2614, 'Ragály', 3724, 4),
(2615, 'Rajka', 9224, 7),
(2616, 'Rakaca', 3825, 4),
(2617, 'Rakacaszend', 3826, 4),
(2618, 'Rakamaz', 4465, 15),
(2619, 'Rákóczifalva', 5085, 10),
(2620, 'Rákócziújfalu', 5084, 10),
(2621, 'Ráksi', 7464, 14),
(2622, 'Ramocsa', 8973, 19),
(2623, 'Ramocsaháza', 4536, 15),
(2624, 'Rápolt', 4756, 15),
(2625, 'Raposka', 8300, 18),
(2626, 'Rásonysápberencs', 3833, 4),
(2627, 'Rátka', 3908, 4),
(2628, 'Rátót', 9951, 17),
(2629, 'Ravazd', 9091, 7),
(2630, 'Recsk', 3245, 9),
(2631, 'Réde', 2886, 11),
(2632, 'Rédics', 8978, 19),
(2633, 'Regéc', 3893, 4),
(2634, 'Regenye', 7833, 2),
(2635, 'Regöly', 7193, 16),
(2636, 'Rém', 6446, 1),
(2637, 'Remeteszőlős', 2094, 13),
(2638, 'Répáshuta', 3559, 4),
(2639, 'Répcelak', 9653, 17),
(2640, 'Répceszemere', 9375, 7),
(2641, 'Répceszentgyörgy', 9623, 17),
(2642, 'Répcevis', 9475, 7),
(2643, 'Resznek', 8977, 19),
(2644, 'Rétalap', 9074, 7),
(2645, 'Rétközberencs', 4525, 15),
(2646, 'Rétság', 2651, 12),
(2647, 'Révfülöp', 8253, 18),
(2648, 'Révleányvár', 3976, 4),
(2649, 'Rezi', 8373, 19),
(2650, 'Ricse', 3974, 4),
(2651, 'Rigács', 8348, 18),
(2652, 'Rigyác', 8883, 19),
(2653, 'Rimóc', 3177, 12),
(2654, 'Rinyabesenyő', 7552, 14),
(2655, 'Rinyakovácsi', 7527, 14),
(2656, 'Rinyaszentkirály', 7513, 14),
(2657, 'Rinyaújlak', 7556, 14),
(2658, 'Rinyaújnép', 7584, 14),
(2659, 'Rohod', 4563, 15),
(2660, 'Röjtökmuzsaj', 9451, 18),
(2661, 'Románd', 8434, 12),
(2662, 'Romhány', 2654, 2),
(2663, 'Romonya', 7743, 2),
(2664, 'Rönök', 9954, 15),
(2665, 'Röszke', 6758, 9),
(2666, 'Rózsafa', 7914, 7),
(2667, 'Rozsály', 4971, 17),
(2668, 'Rózsaszentmárton', 3033, 5),
(2669, 'Rudabánya', 3733, 4),
(2670, 'Rudolftelep', 3742, 4),
(2671, 'Rum', 9766, 17),
(2672, 'Ruzsa', 6786, 5),
(2673, 'Ságújfalu', 3162, 12),
(2674, 'Ságvár', 8654, 14),
(2675, 'Sajóbábony', 3792, 4),
(2676, 'Sajóecseg', 3793, 4),
(2677, 'Sajógalgóc', 3636, 4),
(2678, 'Sajóhidvég', 3576, 4),
(2679, 'Sajóivánka', 3720, 4),
(2680, 'Sajókápolna', 3773, 4),
(2681, 'Sajókaza', 3720, 4),
(2682, 'Sajókeresztúr', 3791, 4),
(2683, 'Sajólád', 3572, 4),
(2684, 'Sajólászlófalva', 3773, 4),
(2685, 'Sajómercse', 3656, 4),
(2686, 'Sajónémeti', 3652, 4),
(2687, 'Sajóörös', 3586, 4),
(2688, 'Sajópálfala', 3714, 4),
(2689, 'Sajópetri', 3573, 4),
(2690, 'Sajópüspöki', 3653, 4),
(2691, 'Sajósenye', 3712, 4),
(2692, 'Sajószentpéter', 3770, 4),
(2693, 'Sajószöged', 3599, 4),
(2694, 'Sajóvámos', 3712, 4),
(2695, 'Sajóvelezd', 3656, 4),
(2696, 'Sajtoskál', 9632, 17),
(2697, 'Salföld', 8256, 18),
(2698, 'Salgótarján', 3102, 12),
(2699, 'Salgótarján', 3109, 12),
(2700, 'Salgótarján', 3121, 12),
(2701, 'Salgótarján', 3104, 12),
(2702, 'Salgótarján', 3141, 12),
(2703, 'Salgótarján', 3100, 12),
(2704, 'Salköveskút', 9742, 17),
(2705, 'Salomvár', 8995, 19),
(2706, 'Sály', 3425, 4),
(2707, 'Sámod', 7841, 2),
(2708, 'Sámsonháza', 3074, 12),
(2709, 'Sand', 8824, 19),
(2710, 'Sándorfalva', 6762, 5),
(2711, 'Sántos', 7479, 14),
(2712, 'Sáp', 4176, 8),
(2713, 'Sáránd', 4272, 8),
(2714, 'Sárazsadány', 3942, 4),
(2715, 'Sárbogárd', 7018, 6),
(2716, 'Sárbogárd', 7019, 6),
(2717, 'Sárbogárd', 7003, 6),
(2718, 'Sárbogárd', 7000, 6),
(2719, 'Sáregres', 7014, 6),
(2720, 'Sárfimizdó', 9813, 17),
(2721, 'Sárhida', 8944, 19),
(2722, 'Sárisáp', 2523, 11),
(2723, 'Sarkad', 5720, 3),
(2724, 'Sarkadkeresztúr', 5731, 3),
(2725, 'Sárkeresztes', 8051, 6),
(2726, 'Sárkeresztúr', 8125, 6),
(2727, 'Sárkeszi', 8144, 6),
(2728, 'Sármellék', 8391, 19),
(2729, 'Sárok', 7781, 2),
(2730, 'Sárosd', 2433, 6),
(2731, 'Sárospatak', 3952, 4),
(2732, 'Sárospatak', 3950, 4),
(2733, 'Sárpilis', 7145, 16),
(2734, 'Sárrétudvari', 4171, 8),
(2735, 'Sarród', 9434, 7),
(2736, 'Sarród', 9435, 7),
(2737, 'Sárszentágota', 8126, 6),
(2738, 'Sárszentlőrinc', 7047, 16),
(2739, 'Sárszentmihály', 8141, 6),
(2740, 'Sárszentmihály', 8143, 6),
(2741, 'Sarud', 3386, 9),
(2742, 'Sárvár', 9609, 17),
(2743, 'Sárvár', 9608, 17),
(2744, 'Sárvár', 9600, 17),
(2745, 'Sásd', 7370, 2),
(2746, 'Sáska', 8308, 18),
(2747, 'Sáta', 3659, 4),
(2748, 'Sátoraljaújhely', 3944, 4),
(2749, 'Sátoraljaújhely', 3945, 4),
(2750, 'Sátoraljaújhely', 3988, 4),
(2751, 'Sátoraljaújhely', 3980, 4),
(2752, 'Sátorhely', 7785, 2),
(2753, 'Sávoly', 8732, 14),
(2754, 'Sé', 9789, 17),
(2755, 'Segesd', 7562, 14),
(2756, 'Sellye', 7960, 2),
(2757, 'Selyeb', 3809, 4),
(2758, 'Semjén', 3974, 4),
(2759, 'Semjénháza', 8862, 19),
(2760, 'Sénye', 8788, 19),
(2761, 'Sényő', 4533, 15),
(2762, 'Seregélyes', 8111, 6),
(2763, 'Serényfalva', 3729, 4),
(2764, 'Sérsekszőlős', 8660, 14),
(2765, 'Sikátor', 8439, 18),
(2766, 'Siklós', 7818, 2),
(2767, 'Siklós', 7800, 2),
(2768, 'Siklósbodony', 7814, 2),
(2769, 'Siklósnagyfalu', 7823, 2),
(2770, 'Sima', 3881, 4),
(2771, 'Simaság', 9633, 17),
(2772, 'Simonfa', 7474, 14),
(2773, 'Simontornya', 7081, 16),
(2774, 'Sióagárd', 7171, 16),
(2775, 'Siófok', 8611, 14),
(2776, 'Siófok', 8609, 14),
(2777, 'Siófok', 8600, 14),
(2778, 'Siójut', 8652, 14),
(2779, 'Sirok', 3332, 9),
(2780, 'Sitke', 9671, 17),
(2781, 'Sobor', 9315, 7),
(2782, 'Söjtör', 8897, 7),
(2783, 'Sokorópátka', 9112, 1),
(2784, 'Solt', 6320, 1),
(2785, 'Soltszentimre', 6223, 1),
(2786, 'Soltvadkert', 6230, 18),
(2787, 'Sóly', 8193, 13),
(2788, 'Solymár', 2083, 14),
(2789, 'Som', 8655, 2),
(2790, 'Somberek', 7728, 18),
(2791, 'Somlójenő', 8478, 18),
(2792, 'Somlószőlős', 8483, 18),
(2793, 'Somlóvásárhely', 8481, 18),
(2794, 'Somlóvecse', 8484, 14),
(2795, 'Somodor', 7454, 14),
(2796, 'Somogyacsa', 7283, 2),
(2797, 'Somogyapáti', 7922, 14),
(2798, 'Somogyaracs', 7584, 14),
(2799, 'Somogyaszaló', 7452, 14),
(2800, 'Somogybabod', 8684, 14),
(2801, 'Somogybükkösd', 8858, 14),
(2802, 'Somogycsicsó', 8726, 14),
(2803, 'Somogydöröcske', 7284, 14),
(2804, 'Somogyegres', 8666, 14),
(2805, 'Somogyfajsz', 8708, 14),
(2806, 'Somogygeszti', 7455, 2),
(2807, 'Somogyhárságy', 7925, 2),
(2808, 'Somogyhatvan', 7921, 14),
(2809, 'Somogyjád', 7443, 14),
(2810, 'Somogymeggyes', 8673, 14),
(2811, 'Somogysámson', 8733, 14),
(2812, 'Somogysárd', 7435, 14),
(2813, 'Somogysimonyi', 8737, 14),
(2814, 'Somogyszentpál', 8705, 14),
(2815, 'Somogyszil', 7276, 14),
(2816, 'Somogyszob', 7563, 14),
(2817, 'Somogytúr', 8683, 14),
(2818, 'Somogyudvarhely', 7515, 14),
(2819, 'Somogyvámos', 8699, 14),
(2820, 'Somogyvár', 8698, 2),
(2821, 'Somogyviszló', 7924, 14),
(2822, 'Somogyzsitfa', 8734, 15),
(2823, 'Sonkád', 4954, 6),
(2824, 'Soponya', 8123, 7),
(2825, 'Sopron', 9494, 7),
(2826, 'Sopron', 9408, 7),
(2827, 'Sopron', 9407, 7),
(2828, 'Sopron', 9400, 7),
(2829, 'Sopronhorpács', 9463, 7),
(2830, 'Sopronkövesd', 9483, 7),
(2831, 'Sopronnémeti', 9325, 17),
(2832, 'Söpte', 9743, 17),
(2833, 'Söréd', 8072, 19),
(2834, 'Sorkifalud', 9774, 17),
(2835, 'Sorkikápolna', 9774, 12),
(2836, 'Sormás', 8881, 13),
(2837, 'Sorokpolány', 9773, 4),
(2838, 'Sóshartyán', 3131, 2),
(2839, 'Sóskút', 2038, 17),
(2840, 'Sóstófalva', 3716, 19),
(2841, 'Sósvertike', 7960, 17),
(2842, 'Sótony', 9681, 6),
(2843, 'Sukoró', 8096, 6),
(2844, 'Sükösd', 6346, 2),
(2845, 'Sülysáp', 2242, 11),
(2846, 'Sülysáp', 2241, 19),
(2847, 'Sümeg', 8330, 1),
(2848, 'Sümegcsehi', 8357, 13),
(2849, 'Sümegprága', 8351, 13),
(2850, 'Sumony', 7960, 18),
(2851, 'Súr', 2889, 19),
(2852, 'Surd', 8856, 18),
(2853, 'Süttő', 2543, 11),
(2854, 'Szabadbattyán', 8151, 6),
(2855, 'Szabadegyháza', 2432, 6),
(2856, 'Szabadhidvég', 8139, 6),
(2857, 'Szabadhidvég', 8138, 6),
(2858, 'Szabadi', 7253, 14),
(2859, 'Szabadkígyós', 5712, 3),
(2860, 'Szabadszállás', 6080, 1),
(2861, 'Szabadszentkirály', 7951, 2),
(2862, 'Szabás', 7544, 14),
(2863, 'Szabolcs', 4467, 15),
(2864, 'Szabolcsbáka', 4547, 15),
(2865, 'Szabolcsveresmart', 4496, 15),
(2866, 'Szada', 2111, 13),
(2867, 'Szágy', 7383, 2),
(2868, 'Szajk', 7753, 2),
(2869, 'Szajla', 3334, 9),
(2870, 'Szajol', 5081, 10),
(2871, 'Szakácsi', 3786, 4),
(2872, 'Szakadát', 7071, 16),
(2873, 'Szakáld', 3596, 4),
(2874, 'Szakály', 7192, 16),
(2875, 'Szakcs', 7213, 16),
(2876, 'Szakmár', 6336, 1),
(2877, 'Szaknyér', 9934, 17),
(2878, 'Szakoly', 4234, 15),
(2879, 'Szakony', 9474, 7),
(2880, 'Szakonyfalu', 9983, 17),
(2881, 'Szákszend', 2856, 11),
(2882, 'Szalafő', 9942, 17),
(2883, 'Szalánta', 7811, 2),
(2884, 'Szalapa', 8341, 19),
(2885, 'Szalaszend', 3863, 4),
(2886, 'Szalatnak', 7334, 2),
(2887, 'Szálka', 7121, 16),
(2888, 'Szalkszentmárton', 6086, 1),
(2889, 'Szalmatercs', 3163, 12),
(2890, 'Szalonna', 3754, 4),
(2891, 'Szamosangyalos', 4767, 15),
(2892, 'Szamosbecs', 4745, 15),
(2893, 'Szamoskér', 4721, 15),
(2894, 'Szamossályi', 4735, 15),
(2895, 'Szamosszeg', 4824, 15),
(2896, 'Szamostatárfalva', 4746, 15),
(2897, 'Szamosújlak', 4734, 15),
(2898, 'Szanda', 2697, 12),
(2899, 'Szank', 6131, 1),
(2900, 'Szántód', 8622, 14),
(2901, 'Szany', 9317, 7),
(2902, 'Szápár', 8423, 18),
(2903, 'Szaporca', 7843, 2),
(2904, 'Szár', 2066, 6),
(2905, 'Szárász', 7184, 2),
(2906, 'Szárazd', 7063, 16),
(2907, 'Szárföld', 9353, 7),
(2908, 'Szárliget', 2067, 11),
(2909, 'Szarvas', 5540, 3),
(2910, 'Szarvasgede', 3051, 12),
(2911, 'Szarvaskend', 9913, 17),
(2912, 'Szászberek', 5053, 10),
(2913, 'Szászfa', 3821, 4),
(2914, 'Szászvár', 7349, 2),
(2915, 'Szatmárcseke', 4945, 15),
(2916, 'Szátok', 2656, 12),
(2917, 'Szatta', 9938, 17),
(2918, 'Szatymaz', 6763, 5),
(2919, 'Szava', 7813, 2),
(2920, 'Százhalombatta', 2440, 13),
(2921, 'Szebény', 7725, 2),
(2922, 'Szécsénke', 2692, 12),
(2923, 'Szécsény', 3170, 12),
(2924, 'Szécsényfelfalu', 3135, 12),
(2925, 'Szécsisziget', 8879, 19),
(2926, 'Szederkény', 7751, 2),
(2927, 'Szedres', 7056, 16),
(2928, 'Szeged', 6757, 5),
(2929, 'Szeged', 6791, 5),
(2930, 'Szeged', 6710, 5),
(2931, 'Szeged', 6771, 5),
(2932, 'Szeged', 6753, 5),
(2933, 'Szeged', 6700, 5),
(2934, 'Szeged', 6720, 5),
(2935, 'Szeged', 6721, 5),
(2936, 'Szeged', 6722, 5),
(2937, 'Szeged', 6723, 5),
(2938, 'Szeged', 6724, 5),
(2939, 'Szeged', 6725, 5),
(2940, 'Szeged', 6726, 5),
(2941, 'Szeged', 6727, 5),
(2942, 'Szeged', 6728, 5),
(2943, 'Szeged', 6729, 5),
(2944, 'Szegerdő', 8732, 14),
(2945, 'Szeghalom', 5520, 3),
(2946, 'Szegi', 3918, 4),
(2947, 'Szegilong', 3918, 4),
(2948, 'Szegvár', 6635, 5),
(2949, 'Székely', 4534, 15),
(2950, 'Székelyszabar', 7737, 2),
(2951, 'Székesfehérvár', 8019, 6),
(2952, 'Székesfehérvár', 8000, 6),
(2953, 'Székkutas', 6821, 5),
(2954, 'Szekszárd', 7100, 16),
(2955, 'Szeleste', 9622, 17),
(2956, 'Szelevény', 5476, 10),
(2957, 'Szellő', 7661, 2),
(2958, 'Szemely', 7763, 2),
(2959, 'Szemenye', 9685, 17),
(2960, 'Szemere', 3866, 4),
(2961, 'Szendehely', 2640, 12),
(2962, 'Szendrő', 3752, 4),
(2963, 'Szendrőlád', 3751, 4),
(2964, 'Szenna', 7477, 14),
(2965, 'Szenta', 8849, 14),
(2966, 'Szentantalfa', 8272, 18),
(2967, 'Szentbalázs', 7472, 14),
(2968, 'Szentbékkálla', 8281, 18),
(2969, 'Szentborbás', 7918, 14),
(2970, 'Szentdénes', 7913, 2),
(2971, 'Szentdomonkos', 3259, 9),
(2972, 'Szente', 2655, 12),
(2973, 'Szentegát', 7915, 2),
(2974, 'Szentendre', 2000, 13),
(2975, 'Szentes', 6600, 5),
(2976, 'Szentgál', 8444, 18),
(2977, 'Szentgáloskér', 7465, 14),
(2978, 'Szentgotthárd', 9981, 17),
(2979, 'Szentgotthárd', 9955, 17),
(2980, 'Szentgotthárd', 9970, 17),
(2981, 'Szentgyörgyvár', 8393, 19),
(2982, 'Szentgyörgyvölgy', 8975, 19),
(2983, 'Szentimrefalva', 8475, 18),
(2984, 'Szentistván', 3418, 4),
(2985, 'Szentistvánbaksa', 3844, 4),
(2986, 'Szentjakabfa', 8272, 18),
(2987, 'Szentkatalin', 7681, 2),
(2988, 'Szentkirály', 6031, 1),
(2989, 'Szentkirályszabadja', 8225, 18),
(2990, 'Szentkozmadombja', 8947, 19),
(2991, 'Szentlászló', 7936, 2),
(2992, 'Szentliszló', 8893, 19),
(2993, 'Szentlőrinc', 7940, 2),
(2994, 'Szentlőrinckáta', 2255, 13),
(2995, 'Szentmargitfalva', 8872, 19),
(2996, 'Szentmártonkáta', 2254, 13),
(2997, 'Szentpéterfa', 9799, 17),
(2998, 'Szentpéterfölde', 8953, 19),
(2999, 'Szentpéterszeg', 4121, 8),
(3000, 'Szentpéterúr', 8762, 19),
(3001, 'Szenyér', 8717, 14),
(3002, 'Szepetnek', 8861, 19),
(3003, 'Szerecseny', 9125, 7),
(3004, 'Szeremle', 6512, 1),
(3005, 'Szerencs', 3900, 4),
(3006, 'Szerep', 4162, 8),
(3007, 'Szerep', 4163, 8),
(3008, 'Szergény', 9523, 17),
(3009, 'Szigetbecse', 2321, 13),
(3010, 'Szigetcsép', 2317, 13),
(3011, 'Szigethalom', 2315, 13),
(3012, 'Szigetmonostor', 2015, 13),
(3013, 'Szigetszentmárton', 2318, 13),
(3014, 'Szigetszentmiklós', 2310, 13),
(3015, 'Szigetújfalu', 2319, 13),
(3016, 'Szigetvár', 7900, 2),
(3017, 'Szigliget', 8264, 18),
(3018, 'Szihalom', 3377, 9),
(3019, 'Szijártóháza', 8969, 19),
(3020, 'Szikszó', 3800, 4),
(3021, 'Szil', 9326, 7),
(3022, 'Szilágy', 7664, 2),
(3023, 'Szilaspogony', 3125, 12),
(3024, 'Szilsárkány', 9312, 7),
(3025, 'Szilvágy', 8986, 19),
(3026, 'Szilvás', 7811, 2),
(3027, 'Szilvásszentmárton', 7477, 9),
(3028, 'Szilvásvárad', 3348, 14),
(3029, 'Szin', 3761, 4),
(3030, 'Szinpetri', 3761, 4),
(3031, 'Szirák', 3044, 12),
(3032, 'Szirmabesenyő', 3711, 4),
(3033, 'Szob', 2628, 13),
(3034, 'Szőc', 8452, 13),
(3035, 'Szőce', 9935, 14),
(3036, 'Sződ', 2134, 10),
(3037, 'Sződliget', 2133, 10),
(3038, 'Szögliget', 3762, 17),
(3039, 'Szőke', 7833, 17),
(3040, 'Szőkéd', 7763, 17),
(3041, 'Szőkedencs', 8736, 11),
(3042, 'Szokolya', 2624, 4),
(3043, 'Szólád', 8625, 11),
(3044, 'Szolnok', 5008, 14),
(3045, 'Szolnok', 5000, 18),
(3046, 'Szőlősardó', 3757, 17),
(3047, 'Szőlősgyörök', 8692, 13),
(3048, 'Szombathely', 9707, 13),
(3049, 'Szombathely', 9719, 4),
(3050, 'Szombathely', 9700, 2),
(3051, 'Szomód', 2896, 2),
(3052, 'Szomolya', 3411, 14),
(3053, 'Szomor', 2822, 4),
(3054, 'Szörény', 7976, 14),
(3055, 'Szorosad', 7285, 2),
(3056, 'Szúcs', 3341, 9),
(3057, 'Szűcsi', 3034, 12),
(3058, 'Szügy', 2699, 4),
(3059, 'Szuha', 3154, 4),
(3060, 'Szuhafő', 3726, 4),
(3061, 'Szuhakálló', 3731, 2),
(3062, 'Szuhogy', 3734, 14),
(3063, 'Szulimán', 7932, 12),
(3064, 'Szulok', 7539, 9),
(3065, 'Szűr', 7735, 12),
(3066, 'Szurdokpüspöki', 3064, 2),
(3067, 'Tab', 8660, 14),
(3068, 'Tabajd', 8088, 6),
(3069, 'Tabdi', 6224, 1),
(3070, 'Táborfalva', 2381, 13),
(3071, 'Tác', 8121, 6),
(3072, 'Tagyon', 8272, 18),
(3073, 'Tahitótfalu', 2022, 13),
(3074, 'Tahitótfalu', 2021, 13),
(3075, 'Takácsi', 8541, 18),
(3076, 'Tákos', 4845, 15),
(3077, 'Taksony', 2335, 13),
(3078, 'Taktabáj', 3926, 4),
(3079, 'Taktaharkány', 3922, 4),
(3080, 'Taktakenéz', 3924, 4),
(3081, 'Taktaszada', 3921, 4),
(3082, 'Taliándörögd', 8295, 18),
(3083, 'Tállya', 3907, 4),
(3084, 'Tamási', 7091, 16),
(3085, 'Tamási', 7090, 16),
(3086, 'Tanakajd', 9762, 17),
(3087, 'Táp', 9095, 7),
(3088, 'Tápióbicske', 2764, 13),
(3089, 'Tápiógyörgye', 2767, 13),
(3090, 'Tápióság', 2253, 13),
(3091, 'Tápiószecső', 2251, 13),
(3092, 'Tápiószele', 2766, 13),
(3093, 'Tápiószentmárton', 2711, 13),
(3094, 'Tápiószőlős', 2769, 13),
(3095, 'Táplánszentkereszt', 9761, 17),
(3096, 'Tapolca', 8297, 18),
(3097, 'Tapolca', 8300, 18),
(3098, 'Tapsony', 8718, 14),
(3099, 'Tápszentmiklós', 9094, 7),
(3100, 'Tar', 3073, 12),
(3101, 'Tarany', 7514, 14),
(3102, 'Tarcal', 3915, 4),
(3103, 'Tard', 3416, 4),
(3104, 'Tardona', 3644, 4),
(3105, 'Tardos', 2834, 11),
(3106, 'Tarhos', 5641, 3),
(3107, 'Tarján', 2831, 11),
(3108, 'Tarjánpuszta', 9092, 7),
(3109, 'Tárkány', 2945, 11),
(3110, 'Tarnabod', 3369, 9),
(3111, 'Tarnalelesz', 3258, 9),
(3112, 'Tarnaméra', 3284, 9),
(3113, 'Tarnaörs', 3294, 9),
(3114, 'Tarnaszentmária', 3331, 9),
(3115, 'Tarnaszentmiklós', 3382, 9),
(3116, 'Tarnazsadány', 3283, 9),
(3117, 'Tárnok', 2461, 13),
(3118, 'Tárnokréti', 9165, 7),
(3119, 'Tarpa', 4931, 15),
(3120, 'Tarrós', 7362, 2),
(3121, 'Táska', 8696, 14),
(3122, 'Tass', 6098, 1),
(3123, 'Taszár', 7261, 14),
(3124, 'Tát', 2534, 11),
(3125, 'Tata', 2835, 11),
(3126, 'Tata', 2890, 11),
(3127, 'Tatabánya', 2800, 11),
(3128, 'Tataháza', 6451, 1),
(3129, 'Tatárszentgyörgy', 2375, 13),
(3130, 'Tázlár', 6236, 1),
(3131, 'Téglás', 4243, 8),
(3132, 'Tékes', 7381, 2),
(3133, 'Teklafalu', 7973, 2),
(3134, 'Telekes', 9812, 17),
(3135, 'Telekgerendás', 5675, 3),
(3136, 'Teleki', 8626, 14),
(3137, 'Telki', 2089, 13),
(3138, 'Telkibánya', 3896, 4),
(3139, 'Tengelic', 7054, 16),
(3140, 'Tengeri', 7834, 2),
(3141, 'Tengőd', 8668, 14),
(3142, 'Tenk', 3359, 9),
(3143, 'Tényő', 9111, 7),
(3144, 'Tépe', 4132, 8),
(3145, 'Terem', 4342, 15),
(3146, 'Terény', 2696, 12),
(3147, 'Tereske', 2652, 12),
(3148, 'Teresztenye', 3757, 4),
(3149, 'Terpes', 3334, 9),
(3150, 'Tés', 8109, 18),
(3151, 'Tésa', 2635, 13),
(3152, 'Tésenfa', 7843, 2),
(3153, 'Téseny', 7834, 2),
(3154, 'Teskánd', 8991, 19),
(3155, 'Tét', 9100, 7),
(3156, 'Tetétlen', 4184, 8),
(3157, 'Tevel', 7181, 16),
(3158, 'Tibolddaróc', 3423, 4),
(3159, 'Tiborszállás', 4353, 15),
(3160, 'Tihany', 8237, 18),
(3161, 'Tikos', 8731, 14),
(3162, 'Tilaj', 8782, 19),
(3163, 'Timár', 4466, 15),
(3164, 'Tinnye', 2086, 13),
(3165, 'Tiszaadony', 4833, 15),
(3166, 'Tiszaalpár', 6066, 1),
(3167, 'Tiszaalpár', 6067, 1),
(3168, 'Tiszabábolna', 3465, 4),
(3169, 'Tiszabecs', 4951, 15),
(3170, 'Tiszabercel', 4474, 15),
(3171, 'Tiszabezdéd', 4624, 15),
(3172, 'Tiszabő', 5232, 10),
(3173, 'Tiszabura', 5235, 10),
(3174, 'Tiszacsécse', 4947, 15),
(3175, 'Tiszacsege', 4066, 8),
(3176, 'Tiszacsermely', 3972, 4),
(3177, 'Tiszadada', 4455, 15),
(3178, 'Tiszaderzs', 5243, 10),
(3179, 'Tiszadob', 4456, 15),
(3180, 'Tiszadorogma', 3466, 4),
(3181, 'Tiszaeszlár', 4446, 15),
(3182, 'Tiszaeszlár', 4464, 15),
(3183, 'Tiszaföldvár', 5461, 10),
(3184, 'Tiszaföldvár', 5430, 10),
(3185, 'Tiszafüred', 5359, 10),
(3186, 'Tiszafüred', 5358, 10),
(3187, 'Tiszafüred', 5244, 10),
(3188, 'Tiszafüred', 5350, 10),
(3189, 'Tiszagyenda', 5233, 10),
(3190, 'Tiszagyulaháza', 4097, 8),
(3191, 'Tiszaigar', 5361, 10),
(3192, 'Tiszainoka', 5464, 10),
(3193, 'Tiszajenő', 5094, 10),
(3194, 'Tiszakanyár', 4493, 15),
(3195, 'Tiszakarád', 3971, 4),
(3196, 'Tiszakécske', 6062, 1),
(3197, 'Tiszakécske', 6060, 1),
(3198, 'Tiszakerecseny', 4834, 15),
(3199, 'Tiszakeszi', 3458, 4),
(3200, 'Tiszakóród', 4946, 15),
(3201, 'Tiszakürt', 5472, 10),
(3202, 'Tiszakürt', 5471, 10),
(3203, 'Tiszaladány', 3929, 4),
(3204, 'Tiszalök', 4447, 15),
(3205, 'Tiszalök', 4450, 15),
(3206, 'Tiszalúc', 3565, 4),
(3207, 'Tiszamogyorós', 4645, 15),
(3208, 'Tiszanagyfalu', 4463, 15),
(3209, 'Tiszanána', 3385, 9),
(3210, 'Tiszaörs', 5362, 10),
(3211, 'Tiszapalkonya', 3587, 4),
(3212, 'Tiszapüspöki', 5211, 10),
(3213, 'Tiszarád', 4503, 15),
(3214, 'Tiszaroff', 5234, 10),
(3215, 'Tiszasas', 5474, 10),
(3216, 'Tiszasüly', 5061, 10),
(3217, 'Tiszaszalka', 4831, 15),
(3218, 'Tiszaszentimre', 5323, 10),
(3219, 'Tiszaszentimre', 5322, 10),
(3220, 'Tiszaszentmárton', 4628, 15),
(3221, 'Tiszasziget', 6756, 5),
(3222, 'Tiszatardos', 3928, 4),
(3223, 'Tiszatarján', 3589, 4),
(3224, 'Tiszatelek', 4486, 15),
(3225, 'Tiszatelek', 4487, 15),
(3226, 'Tiszatenyő', 5082, 10),
(3227, 'Tiszaug', 6064, 1),
(3228, 'Tiszaújváros', 3580, 4),
(3229, 'Tiszavalk', 3464, 4),
(3230, 'Tiszavárkony', 5095, 10),
(3231, 'Tiszavárkony', 5092, 10),
(3232, 'Tiszavasvári', 4440, 15),
(3233, 'Tiszavid', 4832, 15),
(3234, 'Tisztaberek', 4969, 15),
(3235, 'Tivadar', 4921, 15),
(3236, 'Tóalmás', 2252, 13),
(3237, 'Tófalu', 3354, 9),
(3238, 'Tófej', 8946, 19),
(3239, 'Tófű', 7348, 2),
(3240, 'Tök', 2073, 4),
(3241, 'Tokaj', 3910, 11),
(3242, 'Tokod', 2531, 11),
(3243, 'Tokodaltáró', 2532, 17),
(3244, 'Tököl', 2316, 4),
(3245, 'Tokorcs', 9561, 8),
(3246, 'Tolcsva', 3934, 12),
(3247, 'Told', 4117, 16),
(3248, 'Tolmács', 2657, 16),
(3249, 'Tolna', 7131, 16),
(3250, 'Tolna', 7130, 10),
(3251, 'Tolnanémedi', 7083, 4),
(3252, 'Töltéstava', 9086, 1),
(3253, 'Tomajmonostora', 5324, 17),
(3254, 'Tomor', 3787, 6),
(3255, 'Tömörd', 9738, 19),
(3256, 'Tömörkény', 6646, 2),
(3257, 'Tompa', 6422, 17),
(3258, 'Tompaládony', 9662, 4),
(3259, 'Tordas', 2463, 4),
(3260, 'Tormafölde', 8876, 4),
(3261, 'Tormás', 7383, 4),
(3262, 'Tormásliget', 9736, 4),
(3263, 'Tornabarakony', 3765, 19),
(3264, 'Tornakápolna', 3761, 4),
(3265, 'Tornanádaska', 3767, 15),
(3266, 'Tornaszentandrás', 3765, 17),
(3267, 'Tornaszentjakab', 3769, 14),
(3268, 'Tornyiszentmiklós', 8877, 10),
(3269, 'Tornyosnémeti', 3877, 3),
(3270, 'Tornyospálca', 4642, 2),
(3271, 'Törökbálint', 2045, 19),
(3272, 'Törökkoppány', 7285, 19),
(3273, 'Törökszentmiklós', 5212, 14),
(3274, 'Törökszentmiklós', 5200, 18),
(3275, 'Torony', 9791, 13),
(3276, 'Törtel', 2747, 13),
(3277, 'Torvaj', 8660, 7),
(3278, 'Tószeg', 5091, 17),
(3279, 'Tótkomlós', 5940, 5),
(3280, 'Tótszentgyörgy', 7981, 13),
(3281, 'Tótszentmárton', 8865, 14),
(3282, 'Tótszerdahely', 8864, 10),
(3283, 'Töttös', 7755, 10),
(3284, 'Tótújfalu', 7918, 13),
(3285, 'Tótvázsony', 8246, 2),
(3286, 'Trizs', 3724, 4),
(3287, 'Tunyogmatolcs', 4731, 15),
(3288, 'Tura', 2194, 13),
(3289, 'Túristvándi', 4944, 15),
(3290, 'Türje', 8796, 10),
(3291, 'Túrkeve', 5420, 2),
(3292, 'Túrony', 7811, 15),
(3293, 'Túrricse', 4968, 15),
(3294, 'Tüskevár', 8477, 19),
(3295, 'Tuzsér', 4623, 18),
(3296, 'Tyukod', 4762, 15),
(3297, 'Udvar', 7718, 2),
(3298, 'Udvari', 7066, 16),
(3299, 'Ugod', 8564, 18),
(3300, 'Újbarok', 2066, 6),
(3301, 'Újcsanálos', 3716, 4),
(3302, 'Újdombrád', 4491, 15),
(3303, 'Újfehértó', 4244, 15),
(3304, 'Újhartyán', 2367, 13),
(3305, 'Újiráz', 4146, 8),
(3306, 'Újireg', 7095, 16),
(3307, 'Újkenéz', 4635, 15),
(3308, 'Újkér', 9472, 7),
(3309, 'Újkígyós', 5661, 3),
(3310, 'Újlengyel', 2724, 13),
(3311, 'Újléta', 4288, 8),
(3312, 'Újlőrincfalva', 3387, 9),
(3313, 'Újpetre', 7766, 2),
(3314, 'Újrónafő', 9244, 7),
(3315, 'Újsolt', 6320, 1),
(3316, 'Újszalonta', 5727, 3),
(3317, 'Újszász', 5052, 10),
(3318, 'Újszentiván', 6754, 5),
(3319, 'Újszentmargita', 4065, 8),
(3320, 'Újszilvás', 2768, 13),
(3321, 'Újtelek', 6337, 1),
(3322, 'Újtikos', 4096, 8),
(3323, 'Újudvar', 8778, 19),
(3324, 'Újvárfalva', 7436, 14),
(3325, 'Ukk', 8347, 18),
(3326, 'Üllés', 6794, 7),
(3327, 'Üllő', 2225, 11),
(3328, 'Und', 9464, 4),
(3329, 'Úny', 2528, 15),
(3330, 'Uppony', 3622, 17),
(3331, 'Ura', 4763, 6),
(3332, 'Uraiújfalu', 9651, 13),
(3333, 'Úrhida', 8142, 18),
(3334, 'Úri', 2244, 15),
(3335, 'Úrkút', 8409, 1),
(3336, 'Üröm', 2096, 18),
(3337, 'Uszka', 4952, 5),
(3338, 'Uszód', 6332, 13),
(3339, 'Uzsa', 8321, 13),
(3340, 'Vác', 2600, 13),
(3341, 'Vácduka', 2167, 13),
(3342, 'Vácegres', 2184, 13),
(3343, 'Váchartyán', 2164, 13),
(3344, 'Váckisújfalu', 2185, 13),
(3345, 'Vácrátót', 2163, 13),
(3346, 'Vácszentlászló', 2115, 13),
(3347, 'Vadna', 3636, 4),
(3348, 'Vadosfa', 9346, 7),
(3349, 'Vág', 9327, 7),
(3350, 'Vágáshuta', 3992, 4),
(3351, 'Vaja', 4562, 15),
(3352, 'Vajdácska', 3961, 4),
(3353, 'Vajszló', 7838, 2),
(3354, 'Vajta', 7041, 6),
(3355, 'Vál', 2473, 6),
(3356, 'Valkó', 2114, 13),
(3357, 'Valkonya', 8885, 19),
(3358, 'Vállaj', 4351, 15),
(3359, 'Vállus', 8316, 19),
(3360, 'Vámosatya', 4936, 15),
(3361, 'Vámoscsalád', 9665, 17),
(3362, 'Vámosgyörk', 3291, 9),
(3363, 'Vámosmikola', 2635, 13),
(3364, 'Vámosoroszi', 4966, 15),
(3365, 'Vámospércs', 4287, 8),
(3366, 'Vámosszabadi', 9061, 4),
(3367, 'Vámosújfalu', 3941, 7),
(3368, 'Váncsod', 4119, 8),
(3369, 'Vanyarc', 2688, 12),
(3370, 'Vanyola', 8552, 18),
(3371, 'Várad', 7973, 2),
(3372, 'Váralja', 7354, 16),
(3373, 'Varászló', 8723, 14),
(3374, 'Váraszó', 3254, 9),
(3375, 'Várbalog', 9243, 7),
(3376, 'Varbó', 3778, 4),
(3377, 'Varbóc', 3756, 4),
(3378, 'Várda', 7442, 14),
(3379, 'Várdomb', 7146, 16),
(3380, 'Várfölde', 8891, 19),
(3381, 'Varga', 7370, 2),
(3382, 'Várgesztes', 2824, 11),
(3383, 'Várkesző', 8523, 18),
(3384, 'Várong', 7214, 16),
(3385, 'Városföld', 6033, 1),
(3386, 'Városlőd', 8445, 18),
(3387, 'Várpalota', 8103, 18),
(3388, 'Várpalota', 8104, 18),
(3389, 'Várpalota', 8100, 18),
(3390, 'Varsád', 7067, 16),
(3391, 'Varsány', 3178, 12),
(3392, 'Várvölgy', 8316, 19),
(3393, 'Vasad', 2211, 13),
(3394, 'Vasalja', 9921, 17),
(3395, 'Vásárosbéc', 7926, 2),
(3396, 'Vásárosdombó', 7362, 2),
(3397, 'Vásárosfalu', 9343, 7),
(3398, 'Vásárosmiske', 9552, 17),
(3399, 'Vásárosnamény', 4803, 15),
(3400, 'Vásárosnamény', 4804, 15),
(3401, 'Vásárosnamény', 4800, 15),
(3402, 'Vasasszonyfa', 9744, 17),
(3403, 'Vasboldogasszony', 8914, 19),
(3404, 'Vasegerszeg', 9661, 17),
(3405, 'Vashosszúfalu', 9674, 17),
(3406, 'Vaskeresztes', 9795, 17),
(3407, 'Vaskút', 6521, 1),
(3408, 'Vasmegyer', 4502, 15),
(3409, 'Vaspör', 8998, 19),
(3410, 'Vassurány', 9741, 17),
(3411, 'Vászoly', 8245, 18),
(3412, 'Vasszécseny', 9763, 17),
(3413, 'Vasszentmihály', 9953, 17),
(3414, 'Vasszilvágy', 9747, 17),
(3415, 'Vasvár', 9800, 17),
(3416, 'Vaszar', 8542, 18),
(3417, 'Vát', 9748, 17),
(3418, 'Vatta', 3431, 4),
(3419, 'Vázsnok', 7370, 2),
(3420, 'Vécs', 3265, 9),
(3421, 'Vecsés', 2220, 13),
(3422, 'Végegyháza', 5811, 3),
(3423, 'Vejti', 7838, 2),
(3424, 'Vékény', 7333, 2),
(3425, 'Vekerd', 4143, 8),
(3426, 'Velem', 9726, 17),
(3427, 'Velemér', 9946, 17),
(3428, 'Velence', 2481, 6),
(3429, 'Velény', 7951, 2),
(3430, 'Véménd', 7726, 2),
(3431, 'Vének', 9062, 7),
(3432, 'Vép', 9751, 17),
(3433, 'Vereb', 2477, 6),
(3434, 'Veresegyháza', 2112, 13),
(3435, 'Verőce', 2621, 13),
(3436, 'Verpelét', 3351, 9),
(3437, 'Verseg', 2174, 13),
(3438, 'Versend', 7752, 2),
(3439, 'Vértesacsa', 8089, 6),
(3440, 'Vértesboglár', 8085, 6),
(3441, 'Vérteskethely', 2859, 11),
(3442, 'Vértessomló', 2823, 11),
(3443, 'Vértestolna', 2833, 11),
(3444, 'Vértesszőlős', 2837, 11),
(3445, 'Vése', 8721, 14),
(3446, 'Veszkény', 9352, 7),
(3447, 'Veszprém', 8412, 18),
(3448, 'Veszprém', 8411, 18),
(3449, 'Veszprém', 8200, 18),
(3450, 'Veszprémfajsz', 8248, 18),
(3451, 'Veszprémgalsa', 8475, 18),
(3452, 'Veszprémvarsány', 8438, 18),
(3453, 'Vésztő', 5530, 3),
(3454, 'Vezseny', 5093, 10),
(3455, 'Vid', 8484, 18),
(3456, 'Vigántpetend', 8294, 18),
(3457, 'Villány', 7773, 2),
(3458, 'Villánykövesd', 7772, 2),
(3459, 'Vilmány', 3891, 4),
(3460, 'Vilonya', 8194, 18),
(3461, 'Vilyvitány', 3991, 4),
(3462, 'Vinár', 9535, 18),
(3463, 'Vindornyafok', 8354, 19),
(3464, 'Vindornyalak', 8353, 19),
(3465, 'Vindornyaszőlős', 8355, 19),
(3466, 'Visegrád', 2026, 13),
(3467, 'Visegrád', 2025, 13),
(3468, 'Visnye', 7533, 14),
(3469, 'Visonta', 3272, 9),
(3470, 'Visonta', 3271, 9),
(3471, 'Viss', 3956, 4),
(3472, 'Visz', 8681, 14),
(3473, 'Viszák', 9932, 17),
(3474, 'Viszló', 3825, 4),
(3475, 'Visznek', 3293, 9),
(3476, 'Vitnyéd', 9371, 7),
(3477, 'Vízvár', 7588, 14),
(3478, 'Vizslás', 3128, 12),
(3479, 'Vizsoly', 3888, 4),
(3480, 'Vokány', 7768, 2),
(3481, 'Vonyarcvashegy', 8314, 19),
(3482, 'Vöckönd', 8931, 19),
(3483, 'Völcsej', 9462, 7),
(3484, 'Vönöck', 9516, 17),
(3485, 'Vöröstó', 8291, 18),
(3486, 'Vörs', 8711, 14),
(3487, 'Zabar', 3124, 12),
(3488, 'Zádor', 7976, 2),
(3489, 'Zádorfalva', 3726, 4),
(3490, 'Zagyvarékas', 5051, 10),
(3491, 'Zagyvaszántó', 3031, 9),
(3492, 'Záhony', 4625, 15),
(3493, 'Zajk', 8868, 19),
(3494, 'Zajta', 4974, 15),
(3495, 'Zákány', 8853, 14),
(3496, 'Zákányszék', 6787, 5),
(3497, 'Zala', 8660, 14),
(3498, 'Zalaapáti', 8741, 19),
(3499, 'Zalabaksa', 8971, 19),
(3500, 'Zalabér', 8798, 19),
(3501, 'Zalaboldogfa', 8992, 19),
(3502, 'Zalacsány', 8782, 19),
(3503, 'Zalacséb', 8996, 19),
(3504, 'Zalaegerszeg', 8900, 19),
(3505, 'Zalaerdőd', 8344, 18),
(3506, 'Zalagyömörő', 8349, 18),
(3507, 'Zalahaláp', 8308, 18),
(3508, 'Zalaháshágy', 8997, 19),
(3509, 'Zalaigrice', 8761, 19),
(3510, 'Zalaistvánd', 8932, 19),
(3511, 'Zalakaros', 8749, 19),
(3512, 'Zalakomár', 8751, 19),
(3513, 'Zalakomár', 8752, 19),
(3514, 'Zalaköveskút', 8354, 19),
(3515, 'Zalalövő', 8999, 19),
(3516, 'Zalameggyes', 8348, 18),
(3517, 'Zalamerenye', 8747, 19),
(3518, 'Zalasárszeg', 8756, 19),
(3519, 'Zalaszabar', 8743, 19),
(3520, 'Zalaszántó', 8353, 19),
(3521, 'Zalaszegvár', 8476, 18),
(3522, 'Zalaszentbalázs', 8772, 19),
(3523, 'Zalaszentgrót', 8795, 19),
(3524, 'Zalaszentgrót', 8793, 19),
(3525, 'Zalaszentgrót', 8785, 19),
(3526, 'Zalaszentgrót', 8789, 19),
(3527, 'Zalaszentgrót', 8790, 19),
(3528, 'Zalaszentgyörgy', 8994, 19),
(3529, 'Zalaszentiván', 8921, 19),
(3530, 'Zalaszentjakab', 8827, 19),
(3531, 'Zalaszentlászló', 8788, 19),
(3532, 'Zalaszentlőrinc', 8921, 19),
(3533, 'Zalaszentmárton', 8764, 19),
(3534, 'Zalaszentmihály', 8936, 19),
(3535, 'Zalaszombatfa', 8969, 19),
(3536, 'Zaláta', 7839, 2),
(3537, 'Zalatárnok', 8947, 19),
(3538, 'Zalaújlak', 8822, 19),
(3539, 'Zalavár', 8392, 19),
(3540, 'Zalavég', 8792, 19),
(3541, 'Zalkod', 3957, 4),
(3542, 'Zamárdi', 8621, 14),
(3543, 'Zámoly', 8081, 6),
(3544, 'Zánka', 8251, 18),
(3545, 'Zaránk', 3296, 9),
(3546, 'Závod', 7182, 16),
(3547, 'Zebecke', 8957, 19),
(3548, 'Zebegény', 2627, 13),
(3549, 'Zemplénagárd', 3977, 4),
(3550, 'Zengővárkony', 7720, 2),
(3551, 'Zichyújfalu', 8112, 6),
(3552, 'Zics', 8672, 14),
(3553, 'Ziliz', 3794, 4),
(3554, 'Zimány', 7471, 14),
(3555, 'Zirc', 8420, 18),
(3556, 'Zók', 7671, 2),
(3557, 'Zomba', 7173, 16),
(3558, 'Zsadány', 5537, 3),
(3559, 'Zsáka', 4142, 8),
(3560, 'Zsámbék', 2072, 13),
(3561, 'Zsámbok', 2116, 13),
(3562, 'Zsana', 6411, 1),
(3563, 'Zsarolyán', 4961, 15),
(3564, 'Zsebeháza', 9346, 7),
(3565, 'Zsédeny', 9635, 17),
(3566, 'Zselickisfalud', 7477, 14),
(3567, 'Zselickislak', 7400, 14),
(3568, 'Zselicszentpál', 7474, 14),
(3569, 'Zsennye', 9766, 17),
(3570, 'Zsira', 9476, 7),
(3571, 'Zsombó', 6792, 5),
(3572, 'Zsujta', 3897, 4),
(3573, 'Zsurk', 4627, 15),
(3574, 'Zubogy', 3723, 4);

-- --------------------------------------------------------

--
-- Tábla szerkezet ehhez a táblához `vasarlasok`
--

CREATE TABLE `vasarlasok` (
  `id` int(11) NOT NULL,
  `vasarlok_id` int(11) NOT NULL,
  `mikor` datetime NOT NULL,
  `varos_id` smallint(6) NOT NULL,
  `fizetesimod_id` tinyint(4) NOT NULL,
  `megjegyzes` varchar(400) NOT NULL,
  `cim` varchar(100) NOT NULL,
  `allapot` enum('Kézbesített','Törölt','Megrendelt','Szállítás alatt') NOT NULL
) ENGINE=InnoDB DEFAULT CHARSET=utf8;

-- --------------------------------------------------------

--
-- Tábla szerkezet ehhez a táblához `vasarlas_tetelek`
--

CREATE TABLE `vasarlas_tetelek` (
  `id` int(11) NOT NULL,
  `vasarlasok_id` int(11) NOT NULL,
  `cipo_id` int(11) NOT NULL,
  `ar` int(11) NOT NULL,
  `mennyiseg` smallint(6) NOT NULL
) ENGINE=InnoDB DEFAULT CHARSET=utf8;

-- --------------------------------------------------------

--
-- Tábla szerkezet ehhez a táblához `vasarlo`
--

CREATE TABLE `vasarlo` (
  `id` int(11) NOT NULL,
  `nev` varchar(50) NOT NULL,
  `email` varchar(100) NOT NULL,
  `jelszo` varchar(150) NOT NULL,
  `varos_id` smallint(6) NOT NULL,
  `cim` varchar(100) NOT NULL,
  `megjegyzes` varchar(60) NOT NULL,
  `torolt` tinyint(1) DEFAULT 0,
  `telefonszam` varchar(14) NOT NULL,
  `admin` tinyint(1) NOT NULL
) ENGINE=InnoDB DEFAULT CHARSET=utf8;

--
-- A tábla adatainak kiíratása `vasarlo`
--

INSERT INTO `vasarlo` (`id`, `nev`, `email`, `jelszo`, `varos_id`, `cim`, `megjegyzes`, `torolt`, `telefonszam`, `admin`) VALUES
(26, 'Gipsz Jakab', 'gipszjakab@gmail.com', '3b612c75a7b5048a435fb6ec81e52ff92d6d795a8b5a9c17070f6a63c97a53b2', 3340, 'Vác, Kossuth tér ', '', 0, '06555555555', 1);

--
-- Indexek a kiírt táblákhoz
--

--
-- A tábla indexei `allapotok`
--
ALTER TABLE `allapotok`
  ADD PRIMARY KEY (`id`);

--
-- A tábla indexei `cipo`
--
ALTER TABLE `cipo`
  ADD PRIMARY KEY (`id`),
  ADD KEY `FK_cipo_allapotok` (`allapot_id`),
  ADD KEY `FK_cipo_markak` (`marka_id`);

--
-- A tábla indexei `fizetesimodok`
--
ALTER TABLE `fizetesimodok`
  ADD PRIMARY KEY (`id`);

--
-- A tábla indexei `markak`
--
ALTER TABLE `markak`
  ADD PRIMARY KEY (`id`);

--
-- A tábla indexei `megyek`
--
ALTER TABLE `megyek`
  ADD PRIMARY KEY (`id`);

--
-- A tábla indexei `varosok`
--
ALTER TABLE `varosok`
  ADD PRIMARY KEY (`id`),
  ADD KEY `FK_varosok_megyek` (`megye_id`);

--
-- A tábla indexei `vasarlasok`
--
ALTER TABLE `vasarlasok`
  ADD PRIMARY KEY (`id`),
  ADD KEY `FK_vasarlasok_vasarlok` (`vasarlok_id`),
  ADD KEY `FK_vasarlasok_fizetesimod` (`fizetesimod_id`),
  ADD KEY `FK_vasarlasok_varosok` (`varos_id`);

--
-- A tábla indexei `vasarlas_tetelek`
--
ALTER TABLE `vasarlas_tetelek`
  ADD PRIMARY KEY (`id`),
  ADD KEY `FK_vasarlas_tetelek_vasarlasok` (`vasarlasok_id`),
  ADD KEY `FK_vasarlas_tetelek_cipo` (`cipo_id`);

--
-- A tábla indexei `vasarlo`
--
ALTER TABLE `vasarlo`
  ADD PRIMARY KEY (`id`),
  ADD KEY `FK_vasarlo_varosok` (`varos_id`);

--
-- A kiírt táblák AUTO_INCREMENT értéke
--

--
-- AUTO_INCREMENT a táblához `allapotok`
--
ALTER TABLE `allapotok`
  MODIFY `id` int(11) NOT NULL AUTO_INCREMENT, AUTO_INCREMENT=3;

--
-- AUTO_INCREMENT a táblához `cipo`
--
ALTER TABLE `cipo`
  MODIFY `id` int(11) NOT NULL AUTO_INCREMENT, AUTO_INCREMENT=104;

--
-- AUTO_INCREMENT a táblához `fizetesimodok`
--
ALTER TABLE `fizetesimodok`
  MODIFY `id` tinyint(4) NOT NULL AUTO_INCREMENT, AUTO_INCREMENT=4;

--
-- AUTO_INCREMENT a táblához `markak`
--
ALTER TABLE `markak`
  MODIFY `id` tinyint(4) NOT NULL AUTO_INCREMENT, AUTO_INCREMENT=5;

--
-- AUTO_INCREMENT a táblához `megyek`
--
ALTER TABLE `megyek`
  MODIFY `id` int(11) NOT NULL AUTO_INCREMENT, AUTO_INCREMENT=20;

--
-- AUTO_INCREMENT a táblához `varosok`
--
ALTER TABLE `varosok`
  MODIFY `id` smallint(6) NOT NULL AUTO_INCREMENT, AUTO_INCREMENT=3575;

--
-- AUTO_INCREMENT a táblához `vasarlasok`
--
ALTER TABLE `vasarlasok`
  MODIFY `id` int(11) NOT NULL AUTO_INCREMENT, AUTO_INCREMENT=20;

--
-- AUTO_INCREMENT a táblához `vasarlas_tetelek`
--
ALTER TABLE `vasarlas_tetelek`
  MODIFY `id` int(11) NOT NULL AUTO_INCREMENT, AUTO_INCREMENT=19;

--
-- AUTO_INCREMENT a táblához `vasarlo`
--
ALTER TABLE `vasarlo`
  MODIFY `id` int(11) NOT NULL AUTO_INCREMENT, AUTO_INCREMENT=27;

--
-- Megkötések a kiírt táblákhoz
--

--
-- Megkötések a táblához `cipo`
--
ALTER TABLE `cipo`
  ADD CONSTRAINT `FK_cipo_allapotok` FOREIGN KEY (`allapot_id`) REFERENCES `allapotok` (`id`),
  ADD CONSTRAINT `FK_cipo_markak` FOREIGN KEY (`marka_id`) REFERENCES `markak` (`id`);

--
-- Megkötések a táblához `varosok`
--
ALTER TABLE `varosok`
  ADD CONSTRAINT `FK_varosok_megyek` FOREIGN KEY (`megye_id`) REFERENCES `megyek` (`id`);

--
-- Megkötések a táblához `vasarlasok`
--
ALTER TABLE `vasarlasok`
  ADD CONSTRAINT `FK_vasarlasok_fizetesimod` FOREIGN KEY (`fizetesimod_id`) REFERENCES `fizetesimodok` (`id`),
  ADD CONSTRAINT `FK_vasarlasok_varosok` FOREIGN KEY (`varos_id`) REFERENCES `varosok` (`id`),
  ADD CONSTRAINT `FK_vasarlasok_vasarlok` FOREIGN KEY (`vasarlok_id`) REFERENCES `vasarlo` (`id`);

--
-- Megkötések a táblához `vasarlas_tetelek`
--
ALTER TABLE `vasarlas_tetelek`
  ADD CONSTRAINT `FK_vasarlas_tetelek_cipo` FOREIGN KEY (`cipo_id`) REFERENCES `cipo` (`id`),
  ADD CONSTRAINT `FK_vasarlas_tetelek_vasarlasok` FOREIGN KEY (`vasarlasok_id`) REFERENCES `vasarlasok` (`id`);

--
-- Megkötések a táblához `vasarlo`
--
ALTER TABLE `vasarlo`
  ADD CONSTRAINT `FK_vasarlo_varosok` FOREIGN KEY (`varos_id`) REFERENCES `varosok` (`id`);
COMMIT;

/*!40101 SET CHARACTER_SET_CLIENT=@OLD_CHARACTER_SET_CLIENT */;
/*!40101 SET CHARACTER_SET_RESULTS=@OLD_CHARACTER_SET_RESULTS */;
/*!40101 SET COLLATION_CONNECTION=@OLD_COLLATION_CONNECTION */;
